Date,High,Low,Open,Close,Volume,Adj Close,Close
2019-12-02,39.15999984741211,38.40999984741211,38.84000015258789,38.68000030517578,10829600.0,36.424659729003906,38.68000030517578
2019-12-03,38.439998626708984,37.540000915527344,38.380001068115234,38.02000045776367,11535400.0,35.803138732910156,38.02000045776367
2019-12-04,38.790000915527344,38.16999816894531,38.34000015258789,38.45000076293945,10537700.0,36.20807647705078,38.45000076293945
2019-12-05,38.79999923706055,37.779998779296875,38.68000030517578,37.97999954223633,9214900.0,35.76547622680664,37.97999954223633
2019-12-06,39.029998779296875,38.099998474121094,38.11000061035156,39.0099983215332,10411500.0,36.73541259765625,39.0099983215332
2019-12-09,38.08000183105469,37.31999969482422,38.029998779296875,37.34000015258789,17193200.0,35.88959884643555,37.34000015258789
2019-12-10,38.04999923706055,37.25,37.5099983215332,37.56999969482422,12617600.0,36.11067199707031,37.56999969482422
2019-12-11,37.970001220703125,37.529998779296875,37.540000915527344,37.540000915527344,7861100.0,36.08182907104492,37.540000915527344
2019-12-12,38.529998779296875,37.59000015258789,37.63999938964844,38.25,9477300.0,36.76425552368164,38.25
2019-12-13,38.810001373291016,37.65999984741211,38.47999954223633,37.709999084472656,9886500.0,36.24522399902344,37.709999084472656
2019-12-16,38.720001220703125,37.97999954223633,37.9900016784668,38.31999969482422,9572400.0,36.831539154052734,38.31999969482422
2019-12-17,38.77000045776367,38.13999938964844,38.31999969482422,38.31999969482422,13579300.0,36.831539154052734,38.31999969482422
2019-12-18,39.029998779296875,38.310001373291016,38.33000183105469,38.66999816894531,9412200.0,37.167938232421875,38.66999816894531
2019-12-19,38.959999084472656,38.459999084472656,38.52000045776367,38.70000076293945,7469200.0,37.196781158447266,38.70000076293945
2019-12-20,39.22999954223633,38.529998779296875,38.869998931884766,39.0099983215332,17274200.0,37.49473190307617,39.0099983215332
2019-12-23,39.720001220703125,38.9900016784668,39.0099983215332,39.709999084472656,10019000.0,38.16754150390625,39.709999084472656
2019-12-24,40.369998931884766,39.720001220703125,39.779998779296875,39.88999938964844,4696300.0,38.340553283691406,39.88999938964844
2019-12-26,40.58000183105469,39.9900016784668,40.04999923706055,40.150001525878906,6050000.0,38.5904541015625,40.150001525878906
2019-12-27,40.4900016784668,40.130001068115234,40.349998474121094,40.15999984741211,7050800.0,38.60006332397461,40.15999984741211
2019-12-30,41.119998931884766,40.15999984741211,40.25,40.70000076293945,10487100.0,39.11909484863281,40.70000076293945
2019-12-31,41.220001220703125,40.31999969482422,40.4900016784668,41.209999084472656,10372400.0,39.609275817871094,41.209999084472656
2020-01-02,42.689998626708984,41.58000183105469,41.630001068115234,42.58000183105469,13066400.0,40.926063537597656,42.58000183105469
2020-01-03,44.25,43.16999816894531,43.810001373291016,43.61000061035156,15097400.0,41.91606140136719,43.61000061035156
2020-01-06,45.45000076293945,43.689998626708984,43.97999954223633,45.04999923706055,16659700.0,43.30012130737305,45.04999923706055
2020-01-07,45.279998779296875,44.18000030517578,45.08000183105469,45.27000045776367,12084800.0,43.51157760620117,45.27000045776367
2020-01-08,45.779998779296875,44.27000045776367,45.540000915527344,44.97999954223633,12250900.0,43.23283386230469,44.97999954223633
2020-01-09,45.400001525878906,43.77000045776367,44.849998474121094,45.369998931884766,14635000.0,43.607696533203125,45.369998931884766
2020-01-10,46.209999084472656,44.970001220703125,45.25,45.900001525878906,10540000.0,44.117103576660156,45.900001525878906
2020-01-13,46.61000061035156,45.52000045776367,46.2599983215332,46.56999969482422,8456100.0,44.761077880859375,46.56999969482422
2020-01-14,47.43000030517578,46.709999084472656,46.849998474121094,47.2400016784668,12183900.0,45.405059814453125,47.2400016784668
2020-01-15,47.5099983215332,46.79999923706055,47.150001525878906,47.2599983215332,7085700.0,45.424278259277344,47.2599983215332
2020-01-16,47.58000183105469,46.619998931884766,47.20000076293945,46.66999816894531,9757600.0,44.85719299316406,46.66999816894531
2020-01-17,47.0099983215332,45.650001525878906,46.75,45.83000183105469,14379300.0,44.049827575683594,45.83000183105469
2020-01-21,45.45000076293945,44.310001373291016,45.369998931884766,44.31999969482422,10814200.0,42.59847640991211,44.31999969482422
2020-01-22,44.040000915527344,42.880001068115234,44.0,43.290000915527344,12953200.0,41.608482360839844,43.290000915527344
2020-01-23,42.7400016784668,42.209999084472656,42.619998931884766,42.52000045776367,10789800.0,40.86839294433594,42.52000045776367
2020-01-24,42.689998626708984,41.84000015258789,42.470001220703125,42.220001220703125,8797600.0,40.58005905151367,42.220001220703125
2020-01-27,41.40999984741211,40.689998626708984,41.02000045776367,41.2400016784668,9303900.0,39.63811111450195,41.2400016784668
2020-01-28,41.65999984741211,41.119998931884766,41.630001068115234,41.20000076293945,7206400.0,39.59967041015625,41.20000076293945
2020-01-29,41.52000045776367,40.459999084472656,41.310001373291016,40.470001220703125,6653900.0,38.89802551269531,40.470001220703125
2020-01-30,40.66999816894531,39.41999816894531,39.939998626708984,40.59000015258789,9509100.0,39.01335906982422,40.59000015258789
2020-01-31,40.36000061035156,39.4900016784668,40.099998474121094,39.720001220703125,16035700.0,38.177154541015625,39.720001220703125
2020-02-03,40.41999816894531,39.439998626708984,39.70000076293945,40.08000183105469,8727900.0,38.52317428588867,40.08000183105469
2020-02-04,41.439998626708984,40.38999938964844,40.939998626708984,40.5,7859600.0,38.92686080932617,40.5
2020-02-05,42.380001068115234,41.209999084472656,41.27000045776367,42.119998931884766,8613200.0,40.48392868041992,42.119998931884766
2020-02-06,42.45000076293945,41.56999969482422,42.310001373291016,42.119998931884766,6201500.0,40.48392868041992,42.119998931884766
2020-02-07,42.0,41.470001220703125,41.70000076293945,41.88999938964844,5030100.0,40.26286315917969,41.88999938964844
2020-02-10,41.560001373291016,40.18000030517578,41.4900016784668,40.5,7915400.0,38.92686080932617,40.5
2020-02-11,42.36000061035156,41.040000915527344,42.150001525878906,41.16999816894531,12132300.0,39.57083511352539,41.16999816894531
2020-02-12,42.61000061035156,41.779998779296875,42.400001525878906,42.4900016784668,8214600.0,40.83956527709961,42.4900016784668
2020-02-13,42.380001068115234,41.529998779296875,42.09000015258789,42.040000915527344,8402000.0,40.407039642333984,42.040000915527344
2020-02-14,42.2400016784668,41.290000915527344,42.06999969482422,41.599998474121094,6401500.0,39.984134674072266,41.599998474121094
2020-02-18,41.689998626708984,40.97999954223633,41.599998474121094,41.560001373291016,9519200.0,39.94568634033203,41.560001373291016
2020-02-19,42.720001220703125,41.529998779296875,41.86000061035156,42.5099983215332,7536300.0,40.8587760925293,42.5099983215332
2020-02-20,43.599998474121094,42.459999084472656,42.70000076293945,42.970001220703125,7728900.0,41.3009147644043,42.970001220703125
2020-02-21,42.56999969482422,41.83000183105469,42.54999923706055,42.119998931884766,8921100.0,40.48392868041992,42.119998931884766
2020-02-24,40.54999923706055,39.47999954223633,40.5,39.47999954223633,12503100.0,37.946475982666016,39.47999954223633
2020-02-25,39.619998931884766,36.0,39.540000915527344,36.189998626708984,22058600.0,34.784271240234375,36.189998626708984
2020-02-26,36.439998626708984,34.189998626708984,36.27000045776367,34.220001220703125,22683000.0,32.89079666137695,34.220001220703125
2020-02-27,33.56999969482422,31.15999984741211,33.16999816894531,31.809999465942383,23516900.0,30.57440185546875,31.809999465942383
2020-02-28,32.779998779296875,29.639999389648438,31.479999542236328,32.7400016784668,24168100.0,31.468286514282227,32.7400016784668
2020-03-02,33.65999984741211,31.700000762939453,33.58000183105469,32.95000076293945,17223700.0,31.670124053955078,32.95000076293945
2020-03-03,34.630001068115234,32.310001373291016,33.04999923706055,32.9900016784668,19991600.0,31.70857048034668,32.9900016784668
2020-03-04,33.25,31.8799991607666,33.25,32.93000030517578,14006600.0,31.65089988708496,32.93000030517578
2020-03-05,32.7599983215332,31.09000015258789,32.5,31.479999542236328,19218000.0,30.257221221923828,31.479999542236328
2020-03-06,30.209999084472656,26.270000457763672,30.15999984741211,26.860000610351562,38969100.0,25.816679000854492,26.860000610351562
2020-03-09,19.190000534057617,12.039999961853027,15.579999923706055,12.510000228881836,104930300.0,12.388440132141113,12.510000228881836
2020-03-10,15.5,12.579999923706055,15.399999618530273,14.34000015258789,110525300.0,14.200657844543457,14.34000015258789
2020-03-11,13.399999618530273,11.699999809265137,13.119999885559082,11.800000190734863,70436000.0,11.685338973999023,11.800000190734863
2020-03-12,14.84000015258789,9.4399995803833,10.229999542236328,11.890000343322754,73141800.0,11.774465560913086,11.890000343322754
2020-03-13,14.5600004196167,11.59000015258789,13.3100004196167,14.260000228881836,64910400.0,14.121435165405273,14.260000228881836
2020-03-16,13.680000305175781,11.199999809265137,11.399999618530273,12.020000457763672,37309700.0,11.903202056884766,12.020000457763672
2020-03-17,12.8100004196167,11.050000190734863,12.380000114440918,11.34000015258789,34731500.0,11.22980785369873,11.34000015258789
2020-03-18,10.84000015258789,9.0,10.449999809265137,10.529999732971191,41257200.0,10.427679061889648,10.529999732971191
2020-03-19,10.979999542236328,9.399999618530273,10.40999984741211,10.829999923706055,38092500.0,10.724764823913574,10.829999923706055
2020-03-20,11.180000305175781,9.550000190734863,11.149999618530273,10.229999542236328,50833300.0,10.130595207214355,10.229999542236328
2020-03-23,10.289999961853027,9.470000267028809,10.25,9.6899995803833,36784000.0,9.595841407775879,9.6899995803833
2020-03-24,10.770000457763672,9.699999809265137,10.399999618530273,10.720000267028809,42020600.0,10.61583423614502,10.720000267028809
2020-03-25,12.640000343322754,10.220000267028809,11.25,12.0,55409600.0,11.88339614868164,12.0
2020-03-26,15.289999961853027,12.0,12.050000190734863,12.829999923706055,70253700.0,12.705330848693848,12.829999923706055
2020-03-27,12.380000114440918,11.489999771118164,12.039999961853027,11.609999656677246,34675600.0,11.497183799743652,11.609999656677246
2020-03-30,11.449999809265137,10.199999809265137,11.319999694824219,11.010000228881836,44717600.0,10.90301513671875,11.010000228881836
2020-03-31,12.079999923706055,11.109999656677246,11.520000457763672,11.579999923706055,35568400.0,11.467476844787598,11.579999923706055
2020-04-01,11.170000076293945,10.119999885559082,11.039999961853027,10.739999771118164,39837200.0,10.635639190673828,10.739999771118164
2020-04-02,13.90999984741211,11.199999809265137,11.479999542236328,12.770000457763672,79141600.0,12.645913124084473,12.770000457763672
2020-04-03,14.199999809265137,11.510000228881836,13.829999923706055,13.0,92062300.0,12.873678207397461,13.0
2020-04-06,13.5,12.430000305175781,12.600000381469727,13.4399995803833,52068100.0,13.309402465820312,13.4399995803833
2020-04-07,15.199999809265137,13.619999885559082,14.180000305175781,13.84000015258789,54728600.0,13.705516815185547,13.84000015258789
2020-04-08,15.680000305175781,14.050000190734863,14.199999809265137,15.5600004196167,48988600.0,15.408804893493652,15.5600004196167
2020-04-09,18.270000457763672,14.270000457763672,16.700000762939453,15.359999656677246,110464100.0,15.210745811462402,15.359999656677246
2020-04-13,16.020000457763672,14.770000457763672,15.960000038146973,15.329999923706055,43697500.0,15.181037902832031,15.329999923706055
2020-04-14,15.819999694824219,14.640000343322754,15.399999618530273,14.899999618530273,40661000.0,14.755217552185059,14.899999618530273
2020-04-15,13.899999618530273,13.0,13.899999618530273,13.609999656677246,47465200.0,13.477751731872559,13.609999656677246
2020-04-16,13.65999984741211,12.15999984741211,13.630000114440918,12.199999809265137,40453900.0,12.081452369689941,12.199999809265137
2020-04-17,13.649999618530273,12.25,12.329999923706055,13.630000114440918,51691000.0,13.497557640075684,13.630000114440918
2020-04-20,13.220000267028809,11.899999618530273,12.039999961853027,12.59000015258789,74975500.0,12.467662811279297,12.59000015258789
2020-04-21,12.390000343322754,11.5,12.0,12.34000015258789,62591200.0,12.220091819763184,12.34000015258789
2020-04-22,13.369999885559082,12.75,13.079999923706055,13.020000457763672,44530500.0,12.893484115600586,13.020000457763672
2020-04-23,14.399999618530273,13.359999656677246,13.420000076293945,13.869999885559082,55054600.0,13.735225677490234,13.869999885559082
2020-04-24,14.5,13.479999542236328,14.180000305175781,13.8100004196167,40991300.0,13.675808906555176,13.8100004196167
2020-04-27,14.289999961853027,12.75,13.350000381469727,14.149999618530273,39972500.0,14.012503623962402,14.149999618530273
2020-04-28,15.260000228881836,14.300000190734863,14.460000038146973,15.170000076293945,46179400.0,15.02259349822998,15.170000076293945
2020-04-29,16.8799991607666,15.819999694824219,15.9399995803833,16.780000686645508,59582800.0,16.616947174072266,16.780000686645508
2020-04-30,17.239999771118164,15.850000381469727,16.889999389648438,16.600000381469727,44491700.0,16.438697814941406,16.600000381469727
2020-05-01,16.420000076293945,15.09000015258789,16.020000457763672,15.239999771118164,36902400.0,15.091912269592285,15.239999771118164
2020-05-04,15.569999694824219,14.15999984741211,14.369999885559082,15.520000457763672,37197400.0,15.369192123413086,15.520000457763672
2020-05-05,16.809999465942383,15.0,16.459999084472656,15.319999694824219,49502200.0,15.171134948730469,15.319999694824219
2020-05-06,15.960000038146973,13.390000343322754,15.510000228881836,13.399999618530273,57659000.0,13.269791603088379,13.399999618530273
2020-05-07,14.520000457763672,13.699999809265137,13.859999656677246,13.880000114440918,35565400.0,13.745128631591797,13.880000114440918
2020-05-08,15.050000190734863,14.100000381469727,14.3100004196167,15.020000457763672,31255200.0,14.87405014038086,15.020000457763672
2020-05-11,15.25,14.640000343322754,14.890000343322754,15.029999732971191,22899400.0,14.883953094482422,15.029999732971191
2020-05-12,15.380000114440918,14.5600004196167,15.260000228881836,14.579999923706055,27103700.0,14.438323974609375,14.579999923706055
2020-05-13,14.649999618530273,13.279999732971191,14.649999618530273,13.4399995803833,35258100.0,13.309402465820312,13.4399995803833
2020-05-14,14.149999618530273,12.75,13.149999618530273,13.760000228881836,32064000.0,13.626293182373047,13.760000228881836
2020-05-15,14.279999732971191,13.510000228881836,13.6899995803833,13.819999694824219,27756400.0,13.685709953308105,13.819999694824219
2020-05-18,15.229999542236328,14.65999984741211,14.800000190734863,15.069999694824219,39883800.0,14.923565864562988,15.069999694824219
2020-05-19,15.1899995803833,14.359999656677246,15.1899995803833,14.369999885559082,28708600.0,14.230366706848145,14.369999885559082
2020-05-20,15.149999618530273,14.5600004196167,14.739999771118164,14.989999771118164,29203100.0,14.844343185424805,14.989999771118164
2020-05-21,15.15999984741211,14.1899995803833,15.0,14.25,35671400.0,14.111532211303711,14.25
2020-05-22,14.239999771118164,13.670000076293945,14.15999984741211,14.130000114440918,26334300.0,13.99269962310791,14.130000114440918
2020-05-26,14.770000457763672,14.210000038146973,14.699999809265137,14.399999618530273,28033000.0,14.2600736618042,14.399999618530273
2020-05-27,14.699999809265137,13.8100004196167,14.699999809265137,14.420000076293945,31403000.0,14.27988052368164,14.420000076293945
2020-05-28,14.430000305175781,13.5600004196167,14.390000343322754,13.640000343322754,39856900.0,13.507462501525879,13.640000343322754
2020-05-29,13.539999961853027,12.720000267028809,13.539999961853027,12.949999809265137,61295900.0,12.824164390563965,12.949999809265137
2020-06-01,13.899999618530273,12.670000076293945,12.899999618530273,13.8100004196167,36714900.0,13.675808906555176,13.8100004196167
2020-06-02,14.75,13.90999984741211,14.020000457763672,14.75,40165900.0,14.606674194335938,14.75
2020-06-03,15.609999656677246,15.039999961853027,15.34000015258789,15.449999809265137,41191600.0,15.299871444702148,15.449999809265137
2020-06-04,15.699999809265137,14.59000015258789,15.079999923706055,15.550000190734863,39027900.0,15.398900985717773,15.550000190734863
2020-06-05,20.850000381469727,17.809999465942383,17.899999618530273,20.790000915527344,119073400.0,20.58798599243164,20.790000915527344
2020-06-08,24.5,22.0,23.530000686645508,24.399999618530273,131285800.0,24.162904739379883,24.399999618530273
2020-06-09,23.459999084472656,20.479999542236328,22.75,23.18000030517578,71936800.0,22.954755783081055,23.18000030517578
2020-06-10,22.350000381469727,20.75,22.020000457763672,20.760000228881836,50740500.0,20.55827522277832,20.760000228881836
2020-06-11,19.18000030517578,17.260000228881836,17.84000015258789,17.40999984741211,61262900.0,17.240827560424805,17.40999984741211
2020-06-12,19.600000381469727,17.649999618530273,18.8799991607666,18.5,44937900.0,18.330764770507812,18.5
2020-06-15,19.459999084472656,17.100000381469727,17.34000015258789,19.049999237060547,46134000.0,18.875728607177734,19.049999237060547
2020-06-16,20.950000762939453,19.1299991607666,20.469999313354492,20.290000915527344,57505000.0,20.104389190673828,20.290000915527344
2020-06-17,20.049999237060547,19.040000915527344,19.90999984741211,19.040000915527344,38371600.0,18.865825653076172,19.040000915527344
2020-06-18,20.31999969482422,18.649999618530273,18.81999969482422,19.670000076293945,36051700.0,19.490062713623047,19.670000076293945
2020-06-19,20.959999084472656,19.670000076293945,20.700000762939453,19.709999084472656,70262400.0,19.529695510864258,19.709999084472656
2020-06-22,20.110000610351562,19.389999389648438,19.850000381469727,19.90999984741211,30116700.0,19.72786521911621,19.90999984741211
2020-06-23,20.520000457763672,19.6299991607666,20.260000228881836,19.790000915527344,33856800.0,19.608964920043945,19.790000915527344
2020-06-24,19.31999969482422,17.670000076293945,19.239999771118164,18.0,32322000.0,17.835338592529297,18.0
2020-06-25,18.899999618530273,17.549999237060547,17.799999237060547,18.540000915527344,23327600.0,18.370399475097656,18.540000915527344
2020-06-26,18.350000381469727,17.350000381469727,18.200000762939453,17.690000534057617,31831900.0,17.528175354003906,17.690000534057617
2020-06-29,18.010000228881836,17.34000015258789,17.850000381469727,17.860000610351562,24504500.0,17.69662094116211,17.860000610351562
2020-06-30,18.350000381469727,17.270000457763672,17.770000457763672,18.299999237060547,26525200.0,18.13259506225586,18.299999237060547
2020-07-01,18.829999923706055,17.40999984741211,18.31999969482422,17.40999984741211,32856700.0,17.250734329223633,17.40999984741211
2020-07-02,18.6299991607666,17.610000610351562,17.920000076293945,17.780000686645508,28133200.0,17.617351531982422,17.780000686645508
2020-07-06,18.540000915527344,17.780000686645508,18.209999084472656,18.18000030517578,23933200.0,18.013690948486328,18.18000030517578
2020-07-07,17.940000534057617,17.139999389648438,17.899999618530273,17.149999618530273,20117700.0,16.99311637878418,17.149999618530273
2020-07-08,17.469999313354492,16.709999084472656,17.270000457763672,17.280000686645508,20482300.0,17.121923446655273,17.280000686645508
2020-07-09,17.260000228881836,16.260000228881836,17.200000762939453,16.280000686645508,22124600.0,16.131074905395508,16.280000686645508
2020-07-10,16.75,15.949999809265137,16.059999465942383,16.709999084472656,17584200.0,16.557138442993164,16.709999084472656
2020-07-13,16.809999465942383,16.0,16.760000228881836,16.15999984741211,21665700.0,16.012170791625977,16.15999984741211
2020-07-14,16.760000228881836,15.75,15.949999809265137,16.68000030517578,19740500.0,16.527414321899414,16.68000030517578
2020-07-15,17.729999542236328,16.899999618530273,17.290000915527344,17.18000030517578,22801400.0,17.022838592529297,17.18000030517578
2020-07-16,17.399999618530273,16.56999969482422,16.899999618530273,17.010000228881836,15463000.0,16.854394912719727,17.010000228881836
2020-07-17,17.350000381469727,16.15999984741211,17.040000915527344,16.280000686645508,21065900.0,16.131074905395508,16.280000686645508
2020-07-20,16.450000762939453,15.680000305175781,16.25,15.6899995803833,21260200.0,15.546469688415527,15.6899995803833
2020-07-21,18.030000686645508,16.06999969482422,16.1200008392334,17.40999984741211,44440800.0,17.250734329223633,17.40999984741211
2020-07-22,17.139999389648438,16.649999618530273,17.1200008392334,16.950000762939453,16994300.0,16.79494285583496,16.950000762939453
2020-07-23,17.079999923706055,16.56999969482422,16.709999084472656,16.81999969482422,14044100.0,16.6661319732666,16.81999969482422
2020-07-24,17.280000686645508,16.6299991607666,16.81999969482422,16.739999771118164,12779100.0,16.58686637878418,16.739999771118164
2020-07-27,16.899999618530273,16.40999984741211,16.729999542236328,16.700000762939453,13963300.0,16.547231674194336,16.700000762939453
2020-07-28,16.780000686645508,16.309999465942383,16.479999542236328,16.350000381469727,12859500.0,16.20043182373047,16.350000381469727
2020-07-29,17.040000915527344,16.450000762939453,16.530000686645508,17.030000686645508,16384000.0,16.87421226501465,17.030000686645508
2020-07-30,16.6299991607666,15.75,16.549999237060547,15.770000457763672,29336400.0,15.625738143920898,15.770000457763672
2020-07-31,16.549999237060547,15.40999984741211,16.549999237060547,15.739999771118164,15439000.0,15.596014976501465,15.739999771118164
2020-08-03,15.760000228881836,15.100000381469727,15.75,15.25,22888000.0,15.110494613647461,15.25
2020-08-04,16.0,15.130000114440918,15.149999618530273,15.739999771118164,21703200.0,15.596014976501465,15.739999771118164
2020-08-05,16.489999771118164,15.859999656677246,16.420000076293945,15.9399995803833,24570500.0,15.794184684753418,15.9399995803833
2020-08-06,16.010000228881836,15.390000343322754,15.90999984741211,15.449999809265137,18745100.0,15.308664321899414,15.449999809265137
2020-08-07,15.5600004196167,14.960000038146973,15.460000038146973,15.449999809265137,20961300.0,15.308664321899414,15.449999809265137
2020-08-10,16.479999542236328,15.619999885559082,15.670000076293945,16.479999542236328,26718500.0,16.329242706298828,16.479999542236328
2020-08-11,16.739999771118164,15.100000381469727,16.440000534057617,15.15999984741211,41894000.0,15.021318435668945,15.15999984741211
2020-08-12,15.550000190734863,14.850000381469727,15.5,14.920000076293945,31774800.0,14.783514022827148,14.920000076293945
2020-08-13,15.25,14.539999961853027,14.949999809265137,14.600000381469727,28459100.0,14.46644115447998,14.600000381469727
2020-08-14,14.720000267028809,14.359999656677246,14.5,14.640000343322754,21267200.0,14.506074905395508,14.640000343322754
2020-08-17,14.510000228881836,13.729999542236328,14.470000267028809,13.90999984741211,31108800.0,13.782752990722656,13.90999984741211
2020-08-18,14.1899995803833,13.829999923706055,13.930000305175781,13.949999809265137,16758400.0,13.822388648986816,13.949999809265137
2020-08-19,14.119999885559082,13.75,13.930000305175781,13.819999694824219,18143400.0,13.69357681274414,13.819999694824219
2020-08-20,13.729999542236328,13.25,13.520000457763672,13.399999618530273,21869700.0,13.277419090270996,13.399999618530273
2020-08-21,13.420000076293945,12.930000305175781,13.390000343322754,13.15999984741211,22666000.0,13.039613723754883,13.15999984741211
2020-08-24,13.729999542236328,13.029999732971191,13.130000114440918,13.619999885559082,18722900.0,13.495408058166504,13.619999885559082
2020-08-25,14.029999732971191,13.3100004196167,13.8100004196167,13.510000228881836,16296300.0,13.386411666870117,13.510000228881836
2020-08-26,13.470000267028809,12.949999809265137,13.420000076293945,12.960000038146973,19787700.0,12.841444969177246,12.960000038146973
2020-08-27,13.140000343322754,12.720000267028809,13.020000457763672,13.039999961853027,20130100.0,12.920710563659668,13.039999961853027
2020-08-28,13.229999542236328,12.890000343322754,12.960000038146973,13.130000114440918,14105800.0,13.009888648986816,13.130000114440918
2020-08-31,13.170000076293945,12.729999542236328,13.15999984741211,12.739999771118164,17913800.0,12.623456954956055,12.739999771118164
2020-09-01,12.619999885559082,12.329999923706055,12.59000015258789,12.479999542236328,22914400.0,12.365833282470703,12.479999542236328
2020-09-02,12.65999984741211,12.279999732971191,12.319999694824219,12.399999618530273,19131800.0,12.286564826965332,12.399999618530273
2020-09-03,12.899999618530273,12.350000381469727,12.350000381469727,12.59000015258789,26076900.0,12.474828720092773,12.59000015258789
2020-09-04,12.84000015258789,12.119999885559082,12.720000267028809,12.25,22767800.0,12.137938499450684,12.25
2020-09-08,11.979999542236328,11.020000457763672,11.869999885559082,11.0600004196167,36644800.0,10.95882511138916,11.0600004196167
2020-09-09,11.210000038146973,10.899999618530273,11.210000038146973,11.069999694824219,22103500.0,10.968733787536621,11.069999694824219
2020-09-10,11.079999923706055,10.180000305175781,11.050000190734863,10.1899995803833,43466300.0,10.096782684326172,10.1899995803833
2020-09-11,10.359999656677246,9.829999923706055,10.1899995803833,10.220000267028809,35175700.0,10.126507759094238,10.220000267028809
2020-09-14,10.380000114440918,9.930000305175781,10.220000267028809,10.170000076293945,25198900.0,10.086834907531738,10.170000076293945
2020-09-15,10.890000343322754,10.199999809265137,10.229999542236328,10.710000038146973,34684800.0,10.622419357299805,10.710000038146973
2020-09-16,12.029999732971191,10.65999984741211,10.869999885559082,11.640000343322754,53161800.0,11.544815063476562,11.640000343322754
2020-09-17,12.029999732971191,11.170000076293945,11.199999809265137,11.859999656677246,27860600.0,11.763014793395996,11.859999656677246
2020-09-18,12.09000015258789,11.470000267028809,11.789999961853027,11.649999618530273,40722900.0,11.554732322692871,11.649999618530273
2020-09-21,11.319999694824219,10.899999618530273,11.09000015258789,11.289999961853027,23028100.0,11.197677612304688,11.289999961853027
2020-09-22,11.59000015258789,11.029999732971191,11.329999923706055,11.079999923706055,17454800.0,10.989396095275879,11.079999923706055
2020-09-23,11.270000457763672,10.390000343322754,11.130000114440918,10.40999984741211,24502800.0,10.324873924255371,10.40999984741211
2020-09-24,10.869999885559082,10.15999984741211,10.34000015258789,10.640000343322754,22870400.0,10.552993774414062,10.640000343322754
2020-09-25,10.579999923706055,10.109999656677246,10.460000038146973,10.220000267028809,30812500.0,10.136425971984863,10.220000267028809
2020-09-28,10.649999618530273,10.3100004196167,10.420000076293945,10.34000015258789,22622600.0,10.25544548034668,10.34000015258789
2020-09-29,10.350000381469727,9.869999885559082,10.34000015258789,9.989999771118164,29525300.0,9.908308029174805,9.989999771118164
2020-09-30,10.270000457763672,9.9399995803833,10.020000457763672,10.010000228881836,23364000.0,9.928143501281738,10.010000228881836
2020-10-01,9.979999542236328,9.569999694824219,9.970000267028809,9.680000305175781,32990300.0,9.600842475891113,9.680000305175781
2020-10-02,9.899999618530273,9.229999542236328,9.25,9.869999885559082,28572300.0,9.789290428161621,9.869999885559082
2020-10-05,10.520000457763672,10.010000228881836,10.100000381469727,10.510000228881836,24671000.0,10.424055099487305,10.510000228881836
2020-10-06,10.779999732971191,10.039999961853027,10.670000076293945,10.130000114440918,29493800.0,10.047162055969238,10.130000114440918
2020-10-07,10.319999694824219,10.119999885559082,10.229999542236328,10.279999732971191,17454800.0,10.19593620300293,10.279999732971191
2020-10-08,11.199999809265137,10.329999923706055,10.40999984741211,11.180000305175781,27490300.0,11.088578224182129,11.180000305175781
2020-10-09,11.34000015258789,10.739999771118164,11.199999809265137,10.819999694824219,26633400.0,10.731520652770996,10.819999694824219
2020-10-12,10.850000381469727,10.399999618530273,10.640000343322754,10.8100004196167,18540200.0,10.721604347229004,10.8100004196167
2020-10-13,10.960000038146973,10.4399995803833,10.760000228881836,10.520000457763672,15524300.0,10.433974266052246,10.520000457763672
2020-10-14,10.949999809265137,10.4399995803833,10.520000457763672,10.449999809265137,20091000.0,10.364544868469238,10.449999809265137
2020-10-15,10.609999656677246,10.0,10.229999542236328,10.609999656677246,18906900.0,10.523237228393555,10.609999656677246
2020-10-16,10.529999732971191,10.069999694824219,10.510000228881836,10.09000015258789,19244700.0,10.007489204406738,10.09000015258789
2020-10-19,10.210000038146973,9.8100004196167,10.1899995803833,9.819999694824219,22074700.0,9.739697456359863,9.819999694824219
2020-10-20,10.199999809265137,9.829999923706055,9.920000076293945,10.069999694824219,17400100.0,9.987652778625488,10.069999694824219
2020-10-21,9.960000038146973,9.65999984741211,9.859999656677246,9.65999984741211,22783400.0,9.581006050109863,9.65999984741211
2020-10-22,10.199999809265137,9.65999984741211,9.699999809265137,10.170000076293945,25219200.0,10.086834907531738,10.170000076293945
2020-10-23,10.359999656677246,9.899999618530273,10.25,10.020000457763672,19872400.0,9.938063621520996,10.020000457763672
2020-10-26,9.84000015258789,9.34000015258789,9.789999961853027,9.460000038146973,26754800.0,9.382641792297363,9.460000038146973
2020-10-27,9.5,9.270000457763672,9.399999618530273,9.270000457763672,20727700.0,9.194196701049805,9.270000457763672
2020-10-28,9.15999984741211,8.779999732971191,8.979999542236328,8.880000114440918,30986800.0,8.807385444641113,8.880000114440918
2020-10-29,9.180000305175781,8.520000457763672,8.699999809265137,9.130000114440918,28731900.0,9.055340766906738,9.130000114440918
2020-10-30,9.1899995803833,8.850000381469727,9.0,9.130000114440918,23078900.0,9.055340766906738,9.130000114440918
2020-11-02,9.800000190734863,9.029999732971191,9.260000228881836,9.649999618530273,28544100.0,9.571087837219238,9.649999618530273
2020-11-03,10.010000228881836,9.59000015258789,9.890000343322754,9.6899995803833,19259100.0,9.610760688781738,9.6899995803833
2020-11-04,9.989999771118164,9.319999694824219,9.65999984741211,9.8100004196167,22377000.0,9.729781150817871,9.8100004196167
2020-11-05,10.619999885559082,9.770000457763672,9.770000457763672,10.470000267028809,35111200.0,10.384382247924805,10.470000267028809
2020-11-06,10.470000267028809,9.9399995803833,10.34000015258789,10.010000228881836,21645300.0,9.928143501281738,10.010000228881836
2020-11-09,12.699999809265137,11.4399995803833,11.550000190734863,12.229999542236328,60444800.0,12.129989624023438,12.229999542236328
2020-11-10,12.449999809265137,11.649999618530273,12.079999923706055,12.380000114440918,31413900.0,12.278763771057129,12.380000114440918
2020-11-11,12.699999809265137,11.739999771118164,12.6899995803833,11.899999618530273,28596700.0,11.802688598632812,11.899999618530273
2020-11-12,11.960000038146973,11.1899995803833,11.579999923706055,11.3100004196167,19566200.0,11.217514038085938,11.3100004196167
2020-11-13,11.930000305175781,11.369999885559082,11.399999618530273,11.800000190734863,16880400.0,11.703506469726562,11.800000190734863
2020-11-16,12.710000038146973,12.25,12.5,12.699999809265137,24354800.0,12.596147537231445,12.699999809265137
2020-11-17,12.989999771118164,12.260000228881836,12.359999656677246,12.989999771118164,18665700.0,12.883774757385254,12.989999771118164
2020-11-18,13.720000267028809,12.859999656677246,13.079999923706055,12.869999885559082,29659900.0,12.76475715637207,12.869999885559082
2020-11-19,13.420000076293945,12.5600004196167,12.670000076293945,13.359999656677246,20162700.0,13.250750541687012,13.359999656677246
2020-11-20,13.710000038146973,13.300000190734863,13.6899995803833,13.489999771118164,20175000.0,13.379687309265137,13.489999771118164
2020-11-23,15.8100004196167,13.829999923706055,13.850000381469727,15.760000228881836,44957100.0,15.631125450134277,15.760000228881836
2020-11-24,17.270000457763672,16.309999465942383,16.969999313354492,16.780000686645508,54355000.0,16.64278221130371,16.780000686645508
2020-11-25,17.100000381469727,15.9399995803833,16.649999618530273,16.719999313354492,29706200.0,16.58327293395996,16.719999313354492
2020-11-27,16.950000762939453,16.34000015258789,16.719999313354492,16.559999465942383,13272500.0,16.42458152770996,16.559999465942383
2020-11-30,16.549999237060547,15.720000267028809,16.239999771118164,15.760000228881836,31056400.0,15.631125450134277,15.760000228881836
2020-12-01,16.139999389648438,14.970000267028809,15.899999618530273,15.130000114440918,31278000.0,15.006275177001953,15.130000114440918
2020-12-02,16.510000228881836,14.770000457763672,14.920000076293945,15.890000343322754,33045500.0,15.760061264038086,15.890000343322754
2020-12-03,16.739999771118164,15.65999984741211,16.030000686645508,16.389999389648438,26614800.0,16.255970001220703,16.389999389648438
2020-12-04,18.610000610351562,16.899999618530273,16.90999984741211,18.59000015258789,52874500.0,18.437978744506836,18.59000015258789
2020-12-07,18.68000030517578,17.549999237060547,17.829999923706055,18.190000534057617,32247800.0,18.0412540435791,18.190000534057617
2020-12-08,19.299999237060547,17.81999969482422,17.860000610351562,19.1299991607666,32923800.0,18.97356605529785,19.1299991607666
2020-12-09,20.399999618530273,18.81999969482422,19.649999618530273,19.389999389648438,44634800.0,19.241497039794922,19.389999389648438
2020-12-10,21.610000610351562,19.299999237060547,19.399999618530273,21.309999465942383,52292600.0,21.146793365478516,21.309999465942383
2020-12-11,21.350000381469727,20.350000381469727,21.209999084472656,20.889999389648438,30941000.0,20.730009078979492,20.889999389648438
2020-12-14,21.649999618530273,19.079999923706055,21.43000030517578,19.170000076293945,36149200.0,19.02318572998047,19.170000076293945
2020-12-15,20.18000030517578,18.81999969482422,19.559999465942383,19.84000015258789,26858600.0,19.688051223754883,19.84000015258789
2020-12-16,19.8799991607666,19.239999771118164,19.770000457763672,19.450000762939453,17050800.0,19.301040649414062,19.450000762939453
2020-12-17,19.770000457763672,19.100000381469727,19.719999313354492,19.18000030517578,17630800.0,19.03310775756836,19.18000030517578
2020-12-18,19.479999542236328,18.450000762939453,19.06999969482422,18.520000457763672,38206600.0,18.378164291381836,18.520000457763672
2020-12-21,18.030000686645508,16.940000534057617,17.010000228881836,17.469999313354492,29666900.0,17.336204528808594,17.469999313354492
2020-12-22,17.56999969482422,16.8799991607666,17.5,16.920000076293945,21507600.0,16.790414810180664,16.920000076293945
2020-12-23,18.389999389648438,17.049999237060547,17.1299991607666,17.889999389648438,24012800.0,17.752986907958984,17.889999389648438
2020-12-24,18.170000076293945,17.399999618530273,18.170000076293945,17.670000076293945,9203900.0,17.534671783447266,17.670000076293945
2020-12-28,18.110000610351562,17.350000381469727,17.719999313354492,17.399999618530273,14617500.0,17.26673698425293,17.399999618530273
2020-12-29,17.790000915527344,17.09000015258789,17.59000015258789,17.239999771118164,18074000.0,17.10796546936035,17.239999771118164
2020-12-30,18.139999389648438,17.139999389648438,17.209999084472656,17.90999984741211,16517200.0,17.77283477783203,17.90999984741211
2020-12-31,17.920000076293945,17.299999237060547,17.809999465942383,17.309999465942383,15193600.0,17.177427291870117,17.309999465942383
2021-01-04,17.979999542236328,17.31999969482422,17.75,17.450000762939453,18497800.0,17.316356658935547,17.450000762939453
2021-01-05,19.950000762939453,17.649999618530273,17.799999237060547,19.209999084472656,37293800.0,19.06287956237793,19.209999084472656
2021-01-06,20.280000686645508,18.969999313354492,19.520000457763672,20.0,37156400.0,19.846826553344727,20.0
2021-01-07,21.149999618530273,20.030000686645508,20.209999084472656,20.56999969482422,24299300.0,20.412458419799805,20.56999969482422
2021-01-08,21.030000686645508,19.8700008392334,20.8799991607666,20.079999923706055,18277900.0,19.92621421813965,20.079999923706055
2021-01-11,20.18000030517578,19.0,19.25,20.079999923706055,15120400.0,19.92621421813965,20.079999923706055
2021-01-12,22.790000915527344,20.270000457763672,20.59000015258789,22.6200008392334,37326600.0,22.44676399230957,22.6200008392334
2021-01-13,22.780000686645508,22.1299991607666,22.690000534057617,22.329999923706055,19527000.0,22.15898323059082,22.329999923706055
2021-01-14,24.600000381469727,22.6200008392334,22.84000015258789,24.239999771118164,29879100.0,24.05435562133789,24.239999771118164
2021-01-15,23.709999084472656,22.360000610351562,23.450000762939453,22.389999389648438,24701700.0,22.218523025512695,22.389999389648438
2021-01-19,23.75,22.8700008392334,23.049999237060547,23.06999969482422,21931400.0,22.893312454223633,23.06999969482422
2021-01-20,23.530000686645508,22.75,23.270000457763672,23.020000457763672,14737000.0,22.843698501586914,23.020000457763672
2021-01-21,22.989999771118164,21.440000534057617,22.90999984741211,21.540000915527344,19306300.0,21.375032424926758,21.540000915527344
2021-01-22,21.600000381469727,20.260000228881836,20.670000076293945,21.489999771118164,17640700.0,21.325414657592773,21.489999771118164
2021-01-25,21.6200008392334,20.670000076293945,21.0,21.510000228881836,15398900.0,21.345260620117188,21.510000228881836
2021-01-26,22.420000076293945,20.350000381469727,21.899999618530273,20.3799991607666,19138100.0,20.223915100097656,20.3799991607666
2021-01-27,21.65999984741211,19.459999084472656,19.989999771118164,20.579999923706055,25688400.0,20.42238426208496,20.579999923706055
2021-01-28,21.489999771118164,20.229999542236328,20.799999237060547,20.950000762939453,16438200.0,20.78955078125,20.950000762939453
2021-01-29,21.3799991607666,19.729999542236328,20.65999984741211,20.059999465942383,19971500.0,19.906370162963867,20.059999465942383
2021-02-01,20.75,19.799999237060547,20.6299991607666,20.389999389648438,13688000.0,20.233842849731445,20.389999389648438
2021-02-02,21.770000457763672,20.6200008392334,21.489999771118164,20.729999542236328,15513800.0,20.57123374938965,20.729999542236328
2021-02-03,22.15999984741211,20.8700008392334,20.979999542236328,22.020000457763672,18308300.0,21.851354598999023,22.020000457763672
2021-02-04,22.59000015258789,21.65999984741211,22.329999923706055,22.299999237060547,13247100.0,22.129213333129883,22.299999237060547
2021-02-05,23.139999389648438,22.200000762939453,22.829999923706055,22.559999465942383,13227600.0,22.387218475341797,22.559999465942383
2021-02-08,25.5,23.0,23.020000457763672,25.450000762939453,31510500.0,25.255088806152344,25.450000762939453
2021-02-09,25.149999618530273,24.100000381469727,24.600000381469727,24.649999618530273,20757100.0,24.461214065551758,24.649999618530273
2021-02-10,25.790000915527344,24.799999237060547,24.829999923706055,25.600000381469727,22400500.0,25.40393829345703,25.600000381469727
2021-02-11,25.40999984741211,24.079999923706055,25.399999618530273,24.979999542236328,15232200.0,24.788686752319336,24.979999542236328
2021-02-12,25.75,24.559999465942383,24.690000534057617,25.389999389648438,12382000.0,25.195545196533203,25.389999389648438
2021-02-16,26.950000762939453,25.8799991607666,26.65999984741211,26.459999084472656,19260400.0,26.257352828979492,26.459999084472656
2021-02-17,27.18000030517578,25.850000381469727,26.84000015258789,26.729999542236328,15082100.0,26.52528190612793,26.729999542236328
2021-02-18,26.729999542236328,25.209999084472656,26.450000762939453,25.280000686645508,15311700.0,25.08639144897461,25.280000686645508
2021-02-19,25.899999618530273,25.030000686645508,25.31999969482422,25.420000076293945,14936100.0,25.225317001342773,25.420000076293945
2021-02-22,27.459999084472656,25.81999969482422,25.989999771118164,26.469999313354492,22820600.0,26.26727294921875,26.469999313354492
2021-02-23,26.649999618530273,24.420000076293945,26.290000915527344,26.059999465942383,22587700.0,25.86041831970215,26.059999465942383
2021-02-24,28.68000030517578,25.959999084472656,26.5,28.15999984741211,27789000.0,27.944334030151367,28.15999984741211
2021-02-25,28.540000915527344,26.450000762939453,28.170000076293945,26.75,21142500.0,26.54513168334961,26.75
2021-02-26,27.010000228881836,25.209999084472656,26.260000228881836,26.610000610351562,21626700.0,26.40620231628418,26.610000610351562
2021-03-01,28.280000686645508,27.010000228881836,27.3700008392334,27.639999389648438,16185700.0,27.428316116333008,27.639999389648438
2021-03-02,28.510000228881836,27.31999969482422,27.59000015258789,27.81999969482422,16557000.0,27.60693359375,27.81999969482422
2021-03-03,29.450000762939453,28.0,28.0,28.65999984741211,20382100.0,28.440502166748047,28.65999984741211
2021-03-04,30.6299991607666,28.540000915527344,29.18000030517578,29.899999618530273,39491600.0,29.671005249023438,29.899999618530273
2021-03-05,32.52000045776367,30.0,31.59000015258789,31.229999542236328,42026500.0,30.990819931030273,31.229999542236328
2021-03-08,31.899999618530273,29.6299991607666,31.68000030517578,29.770000457763672,22684800.0,29.542003631591797,29.770000457763672
2021-03-09,29.719999313354492,28.209999084472656,29.219999313354492,28.649999618530273,23868200.0,28.440134048461914,28.649999618530273
2021-03-10,29.6299991607666,28.540000915527344,28.850000381469727,29.360000610351562,24101800.0,29.144933700561523,29.360000610351562
2021-03-11,31.829999923706055,29.770000457763672,29.940000534057617,30.979999542236328,21984300.0,30.753067016601562,30.979999542236328
2021-03-12,31.270000457763672,30.459999084472656,30.700000762939453,30.6299991607666,16114000.0,30.405628204345703,30.6299991607666
2021-03-15,30.309999465942383,28.770000457763672,30.040000915527344,29.299999237060547,19532800.0,29.085371017456055,29.299999237060547
2021-03-16,29.239999771118164,27.790000915527344,28.600000381469727,28.170000076293945,16895200.0,27.963647842407227,28.170000076293945
2021-03-17,29.1299991607666,27.940000534057617,28.040000915527344,29.040000915527344,16242400.0,28.82727813720703,29.040000915527344
2021-03-18,28.670000076293945,26.510000228881836,28.489999771118164,26.6200008392334,24421000.0,26.425003051757812,26.6200008392334
2021-03-19,28.559999465942383,26.700000762939453,27.0,28.100000381469727,29558100.0,27.894163131713867,28.100000381469727
2021-03-22,28.229999542236328,27.270000457763672,27.81999969482422,27.459999084472656,14200400.0,27.25885009765625,27.459999084472656
2021-03-23,27.280000686645508,26.09000015258789,26.3799991607666,26.59000015258789,20609400.0,26.39522361755371,26.59000015258789
2021-03-24,27.969999313354492,26.959999084472656,27.5,27.059999465942383,15596400.0,26.861778259277344,27.059999465942383
2021-03-25,26.780000686645508,25.350000381469727,26.299999237060547,26.700000762939453,18172000.0,26.504419326782227,26.700000762939453
2021-03-26,27.899999618530273,26.860000610351562,27.739999771118164,27.760000228881836,16268500.0,27.55665397644043,27.760000228881836
2021-03-29,27.34000015258789,26.360000610351562,27.309999465942383,27.0,13907100.0,26.80221939086914,27.0
2021-03-30,27.719999313354492,26.540000915527344,26.690000534057617,27.329999923706055,9799200.0,27.129802703857422,27.329999923706055
2021-03-31,27.40999984741211,26.610000610351562,27.329999923706055,26.6200008392334,15989700.0,26.425003051757812,26.6200008392334
2021-04-01,27.81999969482422,26.40999984741211,26.81999969482422,27.3799991607666,27311000.0,27.179431915283203,27.3799991607666
2021-04-05,27.149999618530273,25.06999969482422,27.0,25.309999465942383,32081300.0,25.12459945678711,25.309999465942383
2021-04-06,26.190000534057617,25.260000228881836,25.6200008392334,25.350000381469727,20232400.0,25.164306640625,25.350000381469727
2021-04-07,25.670000076293945,25.010000228881836,25.489999771118164,25.299999237060547,14354600.0,25.11467170715332,25.299999237060547
2021-04-08,24.950000762939453,24.239999771118164,24.920000076293945,24.729999542236328,14911100.0,24.548845291137695,24.729999542236328
2021-04-09,25.030000686645508,24.3700008392334,24.75,24.59000015258789,10378800.0,24.409873962402344,24.59000015258789
2021-04-12,25.15999984741211,23.940000534057617,24.780000686645508,24.229999542236328,15386300.0,24.052507400512695,24.229999542236328
2021-04-13,24.530000686645508,23.920000076293945,24.170000076293945,24.290000915527344,11106500.0,24.112070083618164,24.290000915527344
2021-04-14,26.049999237060547,24.920000076293945,25.0,25.549999237060547,26392800.0,25.362842559814453,25.549999237060547
2021-04-15,25.350000381469727,24.68000030517578,25.34000015258789,24.860000610351562,13541200.0,24.67789649963379,24.860000610351562
2021-04-16,25.18000030517578,24.25,25.0,24.3799991607666,11494800.0,24.201412200927734,24.3799991607666
2021-04-19,25.110000610351562,24.239999771118164,24.479999542236328,24.540000915527344,11162600.0,24.360239028930664,24.540000915527344
2021-04-20,24.510000228881836,22.969999313354492,24.5,23.200000762939453,18736200.0,23.03005599975586,23.200000762939453
2021-04-21,24.469999313354492,22.399999618530273,22.450000762939453,24.450000762939453,19500100.0,24.270898818969727,24.450000762939453
2021-04-22,24.709999084472656,23.920000076293945,24.56999969482422,24.100000381469727,16448500.0,23.9234619140625,24.100000381469727
2021-04-23,24.809999465942383,23.770000457763672,24.25,24.649999618530273,10825300.0,24.469432830810547,24.649999618530273
2021-04-26,25.139999389648438,24.40999984741211,24.43000030517578,24.899999618530273,12515600.0,24.717601776123047,24.899999618530273
2021-04-27,25.399999618530273,24.649999618530273,25.110000610351562,25.09000015258789,13876000.0,24.906211853027344,25.09000015258789
2021-04-28,26.239999771118164,25.309999465942383,25.350000381469727,26.100000381469727,20741000.0,25.9088134765625,26.100000381469727
2021-04-29,26.979999542236328,25.65999984741211,26.559999465942383,25.940000534057617,18230000.0,25.749984741210938,25.940000534057617
2021-04-30,26.309999465942383,25.290000915527344,25.549999237060547,25.360000610351562,14842900.0,25.17423439025879,25.360000610351562
2021-05-03,26.280000686645508,25.3799991607666,25.649999618530273,26.139999389648438,13380900.0,25.948516845703125,26.139999389648438
2021-05-04,26.56999969482422,25.1200008392334,26.510000228881836,25.860000610351562,15044700.0,25.67057228088379,25.860000610351562
2021-05-05,27.34000015258789,25.90999984741211,26.299999237060547,27.049999237060547,19853100.0,26.851852416992188,27.049999237060547
2021-05-06,27.200000762939453,26.010000228881836,27.100000381469727,26.649999618530273,14458200.0,26.454782485961914,26.649999618530273
2021-05-07,27.540000915527344,25.850000381469727,26.020000457763672,27.389999389648438,17631400.0,27.189361572265625,27.389999389648438
2021-05-10,28.1299991607666,26.559999465942383,27.709999084472656,26.6299991607666,19188300.0,26.4349308013916,26.6299991607666
2021-05-11,25.610000610351562,24.299999237060547,25.399999618530273,24.530000686645508,30525000.0,24.350313186645508,24.530000686645508
2021-05-12,26.469999313354492,24.579999923706055,24.639999389648438,25.1200008392334,26921900.0,24.935991287231445,25.1200008392334
2021-05-13,25.239999771118164,23.31999969482422,24.690000534057617,23.709999084472656,20686400.0,23.53632164001465,23.709999084472656
2021-05-14,25.399999618530273,24.1200008392334,24.1200008392334,25.100000381469727,19639600.0,24.9161376953125,25.100000381469727
2021-05-17,26.40999984741211,24.940000534057617,25.239999771118164,26.389999389648438,17232100.0,26.196685791015625,26.389999389648438
2021-05-18,26.829999923706055,25.799999237060547,26.34000015258789,25.8700008392334,15992400.0,25.680498123168945,25.8700008392334
2021-05-19,25.610000610351562,24.649999618530273,24.959999084472656,25.06999969482422,18157200.0,24.886356353759766,25.06999969482422
2021-05-20,25.219999313354492,24.489999771118164,25.139999389648438,24.950000762939453,14554200.0,24.767236709594727,24.950000762939453
2021-05-21,25.65999984741211,25.030000686645508,25.3799991607666,25.1200008392334,13212200.0,24.935991287231445,25.1200008392334
2021-05-24,25.549999237060547,24.899999618530273,25.3799991607666,25.440000534057617,13100500.0,25.253646850585938,25.440000534057617
2021-05-25,25.600000381469727,24.59000015258789,25.399999618530273,24.6200008392334,13774200.0,24.439653396606445,24.6200008392334
2021-05-26,25.440000534057617,24.549999237060547,24.670000076293945,25.290000915527344,14084100.0,25.104745864868164,25.290000915527344
2021-05-27,26.190000534057617,25.59000015258789,25.790000915527344,26.06999969482422,19886300.0,25.879030227661133,26.06999969482422
2021-05-28,26.25,25.780000686645508,26.110000610351562,25.959999084472656,10132100.0,25.76983642578125,25.959999084472656
2021-06-01,28.489999771118164,26.65999984741211,26.670000076293945,28.469999313354492,27701900.0,28.261451721191406,28.469999313354492
2021-06-02,29.8799991607666,28.020000457763672,28.68000030517578,29.229999542236328,28273100.0,29.015884399414062,29.229999542236328
2021-06-03,30.049999237060547,28.739999771118164,29.209999084472656,29.280000686645508,19504400.0,29.065519332885742,29.280000686645508
2021-06-04,29.90999984741211,28.610000610351562,29.440000534057617,29.139999389648438,16134500.0,28.926544189453125,29.139999389648438
2021-06-07,29.790000915527344,28.979999542236328,29.31999969482422,29.15999984741211,10040800.0,28.946395874023438,29.15999984741211
2021-06-08,29.489999771118164,28.479999542236328,29.09000015258789,29.190000534057617,12127700.0,28.976179122924805,29.190000534057617
2021-06-09,29.690000534057617,28.34000015258789,29.489999771118164,28.350000381469727,15365900.0,28.151975631713867,28.350000381469727
2021-06-10,29.290000915527344,27.920000076293945,29.049999237060547,28.329999923706055,14212500.0,28.132116317749023,28.329999923706055
2021-06-11,28.959999084472656,28.209999084472656,28.520000457763672,28.329999923706055,10863600.0,28.132116317749023,28.329999923706055
2021-06-14,29.3799991607666,27.979999542236328,28.65999984741211,28.280000686645508,13827300.0,28.08246612548828,28.280000686645508
2021-06-15,29.280000686645508,28.350000381469727,28.520000457763672,29.200000762939453,13087700.0,28.99603843688965,29.200000762939453
2021-06-16,30.700000762939453,28.489999771118164,28.920000076293945,30.540000915527344,42712700.0,30.326683044433594,30.540000915527344
2021-06-17,30.719999313354492,27.81999969482422,30.219999313354492,28.219999313354492,39315200.0,28.022884368896484,28.219999313354492
2021-06-18,28.84000015258789,27.850000381469727,28.170000076293945,27.989999771118164,24074300.0,27.794490814208984,27.989999771118164
2021-06-21,29.59000015258789,28.15999984741211,28.15999984741211,29.5,18633600.0,29.293941497802734,29.5
2021-06-22,30.06999969482422,29.0,29.440000534057617,30.010000228881836,15195900.0,29.80038070678711,30.010000228881836
2021-06-23,31.850000381469727,30.559999465942383,30.65999984741211,30.959999084472656,24067600.0,30.743743896484375,30.959999084472656
2021-06-24,31.780000686645508,30.40999984741211,30.65999984741211,31.739999771118164,15182200.0,31.51829719543457,31.739999771118164
2021-06-25,33.0099983215332,31.549999237060547,31.899999618530273,32.90999984741211,25211900.0,32.68012619018555,32.90999984741211
2021-06-28,32.650001525878906,31.040000915527344,32.61000061035156,31.239999771118164,17426100.0,31.02178955078125,31.239999771118164
2021-06-29,32.369998931884766,31.100000381469727,31.5,31.299999237060547,15619000.0,31.081369400024414,31.299999237060547
2021-06-30,31.899999618530273,30.989999771118164,31.670000076293945,31.270000457763672,12823900.0,31.05158233642578,31.270000457763672
2021-07-01,33.5,32.20000076293945,32.849998474121094,32.86000061035156,23100200.0,32.630470275878906,32.86000061035156
2021-07-02,32.86000061035156,32.029998779296875,32.41999816894531,32.58000183105469,10646500.0,32.35243225097656,32.58000183105469
2021-07-06,32.56999969482422,30.350000381469727,32.5099983215332,30.510000228881836,21467000.0,30.29688835144043,30.510000228881836
2021-07-07,31.190000534057617,29.010000228881836,30.799999237060547,29.479999542236328,20238500.0,29.27408218383789,29.479999542236328
2021-07-08,29.920000076293945,28.5,28.5,29.65999984741211,16379100.0,29.45282554626465,29.65999984741211
2021-07-09,30.399999618530273,29.56999969482422,30.219999313354492,30.239999771118164,13108800.0,30.028772354125977,30.239999771118164
2021-07-12,30.309999465942383,29.309999465942383,29.6299991607666,29.989999771118164,11171500.0,29.780521392822266,29.989999771118164
2021-07-13,30.270000457763672,29.5,29.829999923706055,30.079999923706055,11039500.0,29.86989402770996,30.079999923706055
2021-07-14,30.6299991607666,27.639999389648438,30.209999084472656,27.829999923706055,22822500.0,27.63560676574707,27.829999923706055
2021-07-15,28.260000228881836,26.93000030517578,27.690000534057617,27.229999542236328,18361000.0,27.039796829223633,27.229999542236328
2021-07-16,27.59000015258789,25.8700008392334,27.5,25.940000534057617,18512300.0,25.75881004333496,25.940000534057617
2021-07-19,25.110000610351562,23.899999618530273,24.389999389648438,24.81999969482422,28376800.0,24.646635055541992,24.81999969482422
2021-07-20,25.799999237060547,24.520000457763672,24.799999237060547,25.3700008392334,17071000.0,25.192792892456055,25.3700008392334
2021-07-21,27.549999237060547,25.8700008392334,25.8700008392334,27.18000030517578,19629300.0,26.990148544311523,27.18000030517578
2021-07-22,27.350000381469727,26.440000534057617,27.139999389648438,27.010000228881836,12459600.0,26.821334838867188,27.010000228881836
2021-07-23,27.06999969482422,26.25,27.040000915527344,26.579999923706055,9502500.0,26.394338607788086,26.579999923706055
2021-07-26,27.600000381469727,26.690000534057617,26.690000534057617,27.1200008392334,11080800.0,26.93056869506836,27.1200008392334
2021-07-27,26.84000015258789,25.889999389648438,26.75,26.260000228881836,12870400.0,26.076574325561523,26.260000228881836
2021-07-28,27.219999313354492,26.059999465942383,26.549999237060547,26.899999618530273,11767700.0,26.71210289001465,26.899999618530273
2021-07-29,27.420000076293945,26.68000030517578,27.299999237060547,26.780000686645508,11718200.0,26.592941284179688,26.780000686645508
2021-07-30,26.809999465942383,25.920000076293945,26.510000228881836,26.100000381469727,15123300.0,25.917694091796875,26.100000381469727
2021-08-02,27.059999465942383,25.719999313354492,26.100000381469727,25.790000915527344,13880000.0,25.609859466552734,25.790000915527344
2021-08-03,26.5,25.219999313354492,25.489999771118164,26.43000030517578,15215300.0,26.24538803100586,26.43000030517578
2021-08-04,26.889999389648438,25.440000534057617,25.979999542236328,25.690000534057617,20780200.0,25.510557174682617,25.690000534057617
2021-08-05,26.829999923706055,25.8799991607666,25.940000534057617,26.190000534057617,12976200.0,26.007064819335938,26.190000534057617
2021-08-06,27.079999923706055,26.229999542236328,26.68000030517578,26.389999389648438,12862500.0,26.205665588378906,26.389999389648438
2021-08-09,26.139999389648438,25.34000015258789,25.6200008392334,25.610000610351562,12029100.0,25.431116104125977,25.610000610351562
2021-08-10,26.420000076293945,25.649999618530273,25.709999084472656,26.260000228881836,13269600.0,26.076574325561523,26.260000228881836
2021-08-11,26.84000015258789,26.0,26.329999923706055,26.84000015258789,15265600.0,26.652523040771484,26.84000015258789
2021-08-12,26.979999542236328,26.280000686645508,26.770000457763672,26.8700008392334,9245400.0,26.682313919067383,26.8700008392334
2021-08-13,26.8700008392334,25.75,26.760000228881836,25.790000915527344,12000900.0,25.609859466552734,25.790000915527344
2021-08-16,25.260000228881836,24.420000076293945,25.200000762939453,24.790000915527344,16354900.0,24.61684226989746,24.790000915527344
2021-08-17,24.889999389648438,23.920000076293945,24.59000015258789,24.079999923706055,15987800.0,23.911802291870117,24.079999923706055
2021-08-18,24.579999923706055,23.43000030517578,24.290000915527344,23.450000762939453,15233200.0,23.28620147705078,23.450000762939453
2021-08-19,23.209999084472656,21.829999923706055,22.8799991607666,22.09000015258789,26408100.0,21.93570327758789,22.09000015258789
2021-08-20,22.110000610351562,21.6200008392334,21.790000915527344,21.950000762939453,18519000.0,21.796682357788086,21.950000762939453
2021-08-23,23.549999237060547,22.799999237060547,22.8799991607666,23.469999313354492,17577600.0,23.306062698364258,23.469999313354492
2021-08-24,24.739999771118164,23.739999771118164,23.81999969482422,24.3799991607666,15360000.0,24.209705352783203,24.3799991607666
2021-08-25,24.8700008392334,23.90999984741211,24.299999237060547,24.6299991607666,10024500.0,24.45796012878418,24.6299991607666
2021-08-26,24.719999313354492,23.90999984741211,24.299999237060547,24.0,11491000.0,23.832361221313477,24.0
2021-08-27,25.790000915527344,24.450000762939453,24.450000762939453,25.65999984741211,17295300.0,25.480764389038086,25.65999984741211
2021-08-30,26.190000534057617,25.219999313354492,25.829999923706055,25.25,10804400.0,25.07362937927246,25.25
2021-08-31,26.139999389648438,25.149999618530273,25.510000228881836,25.690000534057617,17367700.0,25.510557174682617,25.690000534057617
2021-09-01,25.860000610351562,24.860000610351562,25.600000381469727,25.079999923706055,14779500.0,24.904815673828125,25.079999923706055
2021-09-02,26.93000030517578,25.5,25.559999465942383,26.579999923706055,21133400.0,26.394338607788086,26.579999923706055
2021-09-03,26.8700008392334,25.780000686645508,26.399999618530273,25.920000076293945,13454900.0,25.738948822021484,25.920000076293945
2021-09-07,26.3799991607666,25.520000457763672,25.649999618530273,25.65999984741211,11330500.0,25.480764389038086,25.65999984741211
2021-09-08,26.209999084472656,24.81999969482422,25.959999084472656,24.90999984741211,12672600.0,24.736005783081055,24.90999984741211
2021-09-09,25.6200008392334,24.389999389648438,24.790000915527344,25.06999969482422,12905300.0,24.904882431030273,25.06999969482422
2021-09-10,25.780000686645508,24.940000534057617,25.489999771118164,24.979999542236328,10690200.0,24.81547737121582,24.979999542236328
2021-09-13,26.780000686645508,25.389999389648438,25.399999618530273,26.649999618530273,22818800.0,26.474475860595703,26.649999618530273
2021-09-14,27.459999084472656,26.020000457763672,27.170000076293945,26.280000686645508,16350300.0,26.106914520263672,26.280000686645508
2021-09-15,28.079999923706055,27.049999237060547,27.100000381469727,27.8799991607666,25212400.0,27.69637680053711,27.8799991607666
2021-09-16,27.719999313354492,27.09000015258789,27.709999084472656,27.329999923706055,13235200.0,27.149999618530273,27.329999923706055
2021-09-17,27.68000030517578,26.739999771118164,27.110000610351562,26.940000534057617,25230600.0,26.76256561279297,26.940000534057617
2021-09-20,25.920000076293945,24.959999084472656,25.739999771118164,25.479999542236328,20470000.0,25.312183380126953,25.479999542236328
2021-09-21,26.079999923706055,25.06999969482422,25.81999969482422,25.43000030517578,12866200.0,25.26251220703125,25.43000030517578
2021-09-22,27.260000228881836,26.219999313354492,26.219999313354492,26.75,21793400.0,26.57381820678711,26.75
2021-09-23,28.200000762939453,26.579999923706055,26.969999313354492,27.959999084472656,17428000.0,27.775848388671875,27.959999084472656
2021-09-24,28.450000762939453,27.549999237060547,27.6200008392334,28.100000381469727,13473800.0,27.914926528930664,28.100000381469727
2021-09-27,30.350000381469727,29.0,29.020000457763672,30.190000534057617,26376700.0,29.99116325378418,30.190000534057617
2021-09-28,30.899999618530273,29.579999923706055,30.59000015258789,29.899999618530273,29296300.0,29.70307159423828,29.899999618530273
2021-09-29,30.469999313354492,29.459999084472656,30.170000076293945,30.030000686645508,16325000.0,29.832218170166016,30.030000686645508
2021-09-30,30.1299991607666,29.260000228881836,29.829999923706055,29.579999923706055,19182700.0,29.38517951965332,29.579999923706055
2021-10-01,31.170000076293945,29.760000228881836,29.81999969482422,31.149999618530273,19625100.0,30.944839477539062,31.149999618530273
2021-10-04,32.459999084472656,31.43000030517578,31.639999389648438,31.809999465942383,25391800.0,31.600492477416992,31.809999465942383
2021-10-05,33.47999954223633,32.060001373291016,32.349998474121094,32.77000045776367,27604500.0,32.55417251586914,32.77000045776367
2021-10-06,32.54999923706055,31.260000228881836,31.809999465942383,32.0,22400600.0,31.789241790771484,32.0
2021-10-07,32.7599983215332,31.280000686645508,32.0,32.47999954223633,21848900.0,32.26607894897461,32.47999954223633
2021-10-08,33.97999954223633,32.97999954223633,33.189998626708984,33.630001068115234,20246900.0,33.408512115478516,33.630001068115234
2021-10-11,34.56999969482422,33.22999954223633,34.220001220703125,33.38999938964844,21394900.0,33.170082092285156,33.38999938964844
2021-10-12,33.95000076293945,32.63999938964844,33.2400016784668,33.0099983215332,15502200.0,32.79258728027344,33.0099983215332
2021-10-13,32.83000183105469,32.02000045776367,32.40999984741211,32.279998779296875,14943900.0,32.0673942565918,32.279998779296875
2021-10-14,33.189998626708984,31.770000457763672,32.900001525878906,31.989999771118164,17846800.0,31.779308319091797,31.989999771118164
2021-10-15,32.84000015258789,31.559999465942383,32.65999984741211,31.65999984741211,14781600.0,31.451480865478516,31.65999984741211
2021-10-18,33.93000030517578,32.59000015258789,32.91999816894531,32.93000030517578,25900800.0,32.71311569213867,32.93000030517578
2021-10-19,33.4900016784668,32.5099983215332,32.959999084472656,32.939998626708984,13006200.0,32.72304916381836,32.939998626708984
2021-10-20,33.45000076293945,32.209999084472656,32.45000076293945,33.36000061035156,15636600.0,33.14028549194336,33.36000061035156
2021-10-21,33.540000915527344,32.36000061035156,33.11000061035156,32.79999923706055,14869300.0,32.5839729309082,32.79999923706055
2021-10-22,33.970001220703125,32.77000045776367,32.939998626708984,33.93000030517578,15001000.0,33.70652770996094,33.93000030517578
2021-10-25,35.70000076293945,34.5,34.560001373291016,35.220001220703125,19253700.0,34.988033294677734,35.220001220703125
2021-10-26,35.75,35.0099983215332,35.5,35.36000061035156,15398100.0,35.127113342285156,35.36000061035156
2021-10-27,34.95000076293945,33.279998779296875,34.849998474121094,33.29999923706055,20124800.0,33.080684661865234,33.29999923706055
2021-10-28,33.84000015258789,33.16999816894531,33.349998474121094,33.83000183105469,12039200.0,33.60719299316406,33.83000183105469
2021-10-29,34.09000015258789,33.11000061035156,33.849998474121094,33.529998779296875,13346500.0,33.309165954589844,33.529998779296875
2021-11-01,34.900001525878906,33.709999084472656,34.31999969482422,34.810001373291016,14134100.0,34.58073806762695,34.810001373291016
2021-11-02,35.349998474121094,34.209999084472656,34.4900016784668,34.36000061035156,11558000.0,34.13370132446289,34.36000061035156
2021-11-03,34.540000915527344,33.52000045776367,33.810001373291016,33.849998474121094,13784000.0,33.627052307128906,33.849998474121094
2021-11-04,35.04999923706055,33.16999816894531,34.790000915527344,33.75,20375400.0,33.5277214050293,33.75
2021-11-05,34.13999938964844,32.72999954223633,34.13999938964844,33.41999816894531,18862600.0,33.19989013671875,33.41999816894531
2021-11-08,35.08000183105469,33.869998931884766,33.91999816894531,34.290000915527344,14267500.0,34.06416320800781,34.290000915527344
2021-11-09,34.59000015258789,32.95000076293945,34.209999084472656,33.7400016784668,13200100.0,33.51778030395508,33.7400016784668
2021-11-10,33.650001525878906,31.600000381469727,33.54999923706055,31.81999969482422,17561000.0,31.610427856445312,31.81999969482422
2021-11-11,32.599998474121094,31.790000915527344,32.04999923706055,32.119998931884766,10685000.0,31.908451080322266,32.119998931884766
2021-11-12,32.279998779296875,31.43000030517578,31.559999465942383,32.08000183105469,10241300.0,31.868715286254883,32.08000183105469
2021-11-15,32.349998474121094,31.170000076293945,31.6200008392334,31.979999542236328,10287600.0,31.769372940063477,31.979999542236328
2021-11-16,32.29999923706055,31.579999923706055,32.08000183105469,31.84000015258789,10348500.0,31.63029670715332,31.84000015258789
2021-11-17,31.8700008392334,30.540000915527344,31.59000015258789,30.760000228881836,14406100.0,30.55740737915039,30.760000228881836
2021-11-18,31.260000228881836,30.010000228881836,30.81999969482422,30.639999389648438,12785500.0,30.438199996948242,30.639999389648438
2021-11-19,29.93000030517578,28.809999465942383,29.540000915527344,29.1200008392334,19305800.0,28.92820930480957,29.1200008392334
2021-11-22,30.649999618530273,28.979999542236328,29.09000015258789,30.010000228881836,16567300.0,29.812347412109375,30.010000228881836
2021-11-23,32.279998779296875,30.6200008392334,30.65999984741211,31.920000076293945,21482800.0,31.709768295288086,31.920000076293945
2021-11-24,32.47999954223633,31.389999389648438,31.43000030517578,32.0099983215332,11491000.0,31.799175262451172,32.0099983215332
2021-11-26,29.8799991607666,27.850000381469727,29.34000015258789,29.700000762939453,22787800.0,29.504390716552734,29.700000762939453
2021-11-29,31.270000457763672,29.610000610351562,30.799999237060547,30.059999465942383,15448100.0,29.862018585205078,30.059999465942383
2021-11-30,29.969999313354492,29.020000457763672,29.100000381469727,29.649999618530273,20779600.0,29.454721450805664,29.649999618530273
2021-12-01,30.969999313354492,28.90999984741211,30.690000534057617,28.950000762939453,19000400.0,28.759328842163086,28.950000762939453
2021-12-02,29.709999084472656,27.81999969482422,28.530000686645508,29.649999618530273,18877800.0,29.454721450805664,29.649999618530273
2021-12-03,30.440000534057617,28.719999313354492,30.170000076293945,29.15999984741211,15148800.0,28.967947006225586,29.15999984741211
2021-12-06,30.260000228881836,29.0,29.75,29.84000015258789,11188800.0,29.643468856811523,29.84000015258789
2021-12-07,31.489999771118164,30.209999084472656,30.309999465942383,31.1200008392334,13643800.0,30.9150390625,31.1200008392334
2021-12-08,31.459999084472656,30.739999771118164,31.299999237060547,30.770000457763672,11473700.0,30.567344665527344,30.770000457763672
2021-12-09,30.860000610351562,30.1200008392334,30.59000015258789,30.239999771118164,9111700.0,30.050600051879883,30.239999771118164
2021-12-10,30.899999618530273,29.719999313354492,30.68000030517578,30.770000457763672,9672300.0,30.577280044555664,30.770000457763672
2021-12-13,30.389999389648438,29.049999237060547,30.200000762939453,29.229999542236328,12525700.0,29.046926498413086,29.229999542236328
2021-12-14,29.639999389648438,28.610000610351562,28.979999542236328,28.739999771118164,14116400.0,28.55999183654785,28.739999771118164
2021-12-15,28.790000915527344,27.229999542236328,28.65999984741211,28.520000457763672,19091700.0,28.341373443603516,28.520000457763672
2021-12-16,29.700000762939453,28.309999465942383,29.010000228881836,28.3799991607666,13027200.0,28.202247619628906,28.3799991607666
2021-12-17,28.479999542236328,27.440000534057617,28.010000228881836,28.040000915527344,23302200.0,27.864377975463867,28.040000915527344
2021-12-20,27.219999313354492,26.049999237060547,26.899999618530273,26.979999542236328,21316200.0,26.811017990112305,26.979999542236328
2021-12-21,28.639999389648438,27.530000686645508,27.579999923706055,28.600000381469727,13116200.0,28.42087173461914,28.600000381469727
2021-12-22,29.270000457763672,28.239999771118164,28.440000534057617,28.920000076293945,8381000.0,28.738866806030273,28.920000076293945
2021-12-23,29.3700008392334,28.81999969482422,29.190000534057617,28.850000381469727,8401600.0,28.66930389404297,28.850000381469727
2021-12-27,29.700000762939453,28.200000762939453,28.610000610351562,29.639999389648438,8380000.0,29.454357147216797,29.639999389648438
2021-12-28,30.3799991607666,29.350000381469727,29.729999542236328,29.479999542236328,9544200.0,29.295358657836914,29.479999542236328
2021-12-29,29.68000030517578,29.010000228881836,29.270000457763672,29.260000228881836,11311000.0,29.076736450195312,29.260000228881836
2021-12-30,29.6299991607666,28.920000076293945,29.309999465942383,28.969999313354492,9509500.0,28.788551330566406,28.969999313354492
2021-12-31,29.229999542236328,28.75,28.829999923706055,28.989999771118164,8669200.0,28.808427810668945,28.989999771118164
2022-01-03,31.110000610351562,29.149999618530273,29.209999084472656,31.059999465942383,15094100.0,30.865463256835938,31.059999465942383
2022-01-04,33.720001220703125,31.40999984741211,31.610000610351562,33.380001068115234,26692400.0,33.170936584472656,33.380001068115234
2022-01-05,33.81999969482422,31.770000457763672,33.189998626708984,31.809999465942383,21157300.0,31.610763549804688,31.809999465942383
2022-01-06,33.47999954223633,31.920000076293945,33.22999954223633,32.7599983215332,18528200.0,32.55481719970703,32.7599983215332
2022-01-07,33.41999816894531,32.689998626708984,33.029998779296875,33.209999084472656,14884500.0,33.00199890136719,33.209999084472656
2022-01-10,33.31999969482422,31.93000030517578,33.09000015258789,32.380001068115234,17609700.0,32.17720031738281,32.380001068115234
2022-01-11,34.86000061035156,32.66999816894531,33.02000045776367,34.70000076293945,20876100.0,34.482666015625,34.70000076293945
2022-01-12,35.41999816894531,34.119998931884766,34.91999816894531,34.75,15501800.0,34.53235626220703,34.75
2022-01-13,35.2400016784668,34.02000045776367,34.7400016784668,34.150001525878906,13529500.0,33.93611145019531,34.150001525878906
2022-01-14,35.619998931884766,34.13999938964844,34.27000045776367,35.5099983215332,19566000.0,35.28759002685547,35.5099983215332
2022-01-18,36.93000030517578,34.959999084472656,36.09000015258789,36.029998779296875,24397200.0,35.8043327331543,36.029998779296875
2022-01-19,37.0,35.54999923706055,36.66999816894531,35.83000183105469,18393300.0,35.605587005615234,35.83000183105469
2022-01-20,36.41999816894531,34.84000015258789,35.099998474121094,34.95000076293945,16099300.0,34.73109817504883,34.95000076293945
2022-01-21,34.68000030517578,33.099998474121094,34.68000030517578,33.75,18434100.0,33.53861618041992,33.75
2022-01-24,34.189998626708984,31.3700008392334,32.599998474121094,34.0099983215332,23734700.0,33.79698181152344,34.0099983215332
2022-01-25,37.11000061035156,33.220001220703125,33.75,36.77000045776367,28095600.0,36.539703369140625,36.77000045776367
2022-01-26,38.279998779296875,36.369998931884766,37.349998474121094,37.060001373291016,25911600.0,36.827884674072266,37.060001373291016
2022-01-27,38.93000030517578,36.38999938964844,38.040000915527344,37.2599983215332,21095800.0,37.02663040161133,37.2599983215332
2022-01-28,38.43000030517578,36.619998931884766,37.650001525878906,37.56999969482422,16658200.0,37.33469009399414,37.56999969482422
2022-01-31,38.130001068115234,36.5099983215332,37.689998626708984,37.66999816894531,16469300.0,37.434059143066406,37.66999816894531
2022-02-01,39.54999923706055,37.18000030517578,37.25,39.290000915527344,20514800.0,39.04391860961914,39.290000915527344
2022-02-02,39.779998779296875,38.61000061035156,39.09000015258789,39.619998931884766,14752700.0,39.371849060058594,39.619998931884766
2022-02-03,40.4900016784668,38.970001220703125,39.290000915527344,40.0,22557500.0,39.74946975708008,40.0
2022-02-04,42.310001373291016,40.380001068115234,40.47999954223633,40.79999923706055,23757400.0,40.544456481933594,40.79999923706055
2022-02-07,41.5,39.709999084472656,40.470001220703125,41.0,15544000.0,40.74320983886719,41.0
2022-02-08,40.84000015258789,38.970001220703125,40.84000015258789,39.349998474121094,20307500.0,39.103538513183594,39.349998474121094
2022-02-09,41.060001373291016,39.619998931884766,39.709999084472656,40.29999923706055,16412000.0,40.04759216308594,40.29999923706055
2022-02-10,41.880001068115234,40.02000045776367,40.06999969482422,40.68000030517578,17756300.0,40.425209045410156,40.68000030517578
2022-02-11,43.15999984741211,40.77000045776367,41.0,42.97999954223633,24477900.0,42.7108039855957,42.97999954223633
2022-02-14,42.77000045776367,40.83000183105469,42.599998474121094,41.22999954223633,21485900.0,40.97176742553711,41.22999954223633
2022-02-15,40.470001220703125,38.810001373291016,39.7599983215332,39.849998474121094,23600000.0,39.600406646728516,39.849998474121094
2022-02-16,41.150001525878906,39.2599983215332,40.41999816894531,39.650001525878906,18292100.0,39.40166091918945,39.650001525878906
2022-02-17,40.58000183105469,39.27000045776367,39.75,39.86000061035156,15162800.0,39.610347747802734,39.86000061035156
2022-02-18,40.150001525878906,39.029998779296875,39.18000030517578,39.560001373291016,14462700.0,39.312225341796875,39.560001373291016
2022-02-22,41.09000015258789,37.650001525878906,41.0,38.31999969482422,20757200.0,38.07999038696289,38.31999969482422
2022-02-23,39.4900016784668,38.27000045776367,38.599998474121094,38.689998626708984,15379400.0,38.447669982910156,38.689998626708984
2022-02-24,39.97999954223633,37.560001373291016,39.779998779296875,38.91999816894531,32173800.0,38.676231384277344,38.91999816894531
2022-02-25,40.349998474121094,38.5099983215332,39.220001220703125,38.7400016784668,29780400.0,38.49736022949219,38.7400016784668
2022-02-28,43.779998779296875,38.2400016784668,38.529998779296875,43.72999954223633,50039500.0,43.45610809326172,43.72999954223633
2022-03-01,47.83000183105469,44.040000915527344,44.33000183105469,46.790000915527344,68949800.0,46.496944427490234,46.790000915527344
2022-03-02,49.290000915527344,47.02000045776367,48.529998779296875,48.369998931884766,51230100.0,48.067047119140625,48.369998931884766
2022-03-03,48.66999816894531,47.06999969482422,47.869998931884766,47.75,43690500.0,47.450931549072266,47.75
2022-03-04,56.45000076293945,48.13999938964844,48.459999084472656,56.150001525878906,101631900.0,55.79832077026367,56.150001525878906
2022-03-07,58.77000045776367,52.40999984741211,57.709999084472656,55.380001068115234,81361200.0,55.03314208984375,55.380001068115234
2022-03-08,58.7400016784668,51.43000030517578,57.310001373291016,54.599998474121094,81141800.0,54.258026123046875,54.599998474121094
2022-03-09,58.58000183105469,51.029998779296875,51.83000183105469,57.5,134669000.0,57.2762336730957,57.5
2022-03-10,59.599998474121094,56.40999984741211,57.529998779296875,58.130001068115234,81812600.0,57.903785705566406,58.130001068115234
2022-03-11,58.880001068115234,56.470001220703125,56.7400016784668,57.95000076293945,48469600.0,57.724483489990234,57.95000076293945
2022-03-14,55.9900016784668,53.31999969482422,55.75,55.59000015258789,53706900.0,55.3736686706543,55.59000015258789
2022-03-15,55.08000183105469,52.279998779296875,52.90999984741211,54.529998779296875,49163900.0,54.31779098510742,54.529998779296875
2022-03-16,54.939998626708984,52.900001525878906,53.83000183105469,52.9900016784668,43406300.0,52.78378677368164,52.9900016784668
2022-03-17,58.20000076293945,55.599998474121094,55.880001068115234,58.0099983215332,59355500.0,57.78424835205078,58.0099983215332
2022-03-18,58.150001525878906,56.20000076293945,57.88999938964844,56.2400016784668,40835900.0,56.021141052246094,56.2400016784668
2022-03-21,62.400001525878906,57.83000183105469,57.97999954223633,60.959999084472656,52223000.0,60.7227668762207,60.959999084472656
2022-03-22,61.16999816894531,58.709999084472656,59.9900016784668,59.63999938964844,35853500.0,59.40790939331055,59.63999938964844
2022-03-23,63.2400016784668,59.72999954223633,61.93000030517578,59.84000015258789,39139700.0,59.60712814331055,59.84000015258789
2022-03-24,60.439998626708984,57.31999969482422,59.619998931884766,57.75,28409100.0,57.525264739990234,57.75
2022-03-25,60.709999084472656,57.18000030517578,57.5,58.709999084472656,37749900.0,58.48152542114258,58.709999084472656
2022-03-28,57.56999969482422,55.59000015258789,56.81999969482422,56.63999938964844,24924700.0,56.41958236694336,56.63999938964844
2022-03-29,56.959999084472656,54.5099983215332,55.56999969482422,56.790000915527344,29111200.0,56.569000244140625,56.790000915527344
2022-03-30,59.84000015258789,57.11000061035156,58.310001373291016,57.47999954223633,26069000.0,57.25631332397461,57.47999954223633
2022-03-31,59.220001220703125,56.52000045776367,56.7599983215332,56.7400016784668,32217500.0,56.519195556640625,56.7400016784668
2022-04-01,58.18000030517578,56.29999923706055,56.81999969482422,58.11000061035156,21019000.0,57.88386535644531,58.11000061035156
2022-04-04,59.04999923706055,56.849998474121094,58.709999084472656,57.790000915527344,19338700.0,57.56510543823242,57.790000915527344
2022-04-05,59.810001373291016,55.599998474121094,58.40999984741211,55.720001220703125,22939300.0,55.5031623840332,55.720001220703125
2022-04-06,58.52000045776367,55.560001373291016,57.349998474121094,56.099998474121094,27903000.0,55.881683349609375,56.099998474121094
2022-04-07,57.88999938964844,55.099998474121094,56.70000076293945,57.68000030517578,24408300.0,57.455535888671875,57.68000030517578
2022-04-08,62.09000015258789,57.560001373291016,57.70000076293945,61.79999923706055,41639000.0,61.55950164794922,61.79999923706055
2022-04-11,60.599998474121094,57.599998474121094,60.54999923706055,57.91999816894531,27618000.0,57.69459915161133,57.91999816894531
2022-04-12,61.36000061035156,58.900001525878906,58.9900016784668,59.13999938964844,26820900.0,58.90985107421875,59.13999938964844
2022-04-13,61.029998779296875,58.20000076293945,60.0,59.619998931884766,21358400.0,59.38798522949219,59.619998931884766
2022-04-14,60.369998931884766,58.709999084472656,59.22999954223633,59.34000015258789,18789400.0,59.10907745361328,59.34000015258789
2022-04-18,63.0099983215332,59.93000030517578,60.209999084472656,61.369998931884766,30802500.0,61.13117218017578,61.369998931884766
2022-04-19,61.470001220703125,59.83000183105469,60.040000915527344,60.380001068115234,19514600.0,60.14502716064453,60.380001068115234
2022-04-20,61.84000015258789,59.86000061035156,60.75,61.470001220703125,20837800.0,61.23078536987305,61.470001220703125
2022-04-21,63.560001373291016,58.52000045776367,61.709999084472656,59.20000076293945,32050400.0,58.96962356567383,59.20000076293945
2022-04-22,59.220001220703125,56.31999969482422,59.220001220703125,56.619998931884766,22816900.0,56.399662017822266,56.619998931884766
2022-04-25,55.29999923706055,51.529998779296875,54.619998931884766,54.91999816894531,32977000.0,54.70627212524414,54.91999816894531
2022-04-26,56.88999938964844,54.65999984741211,55.900001525878906,54.81999969482422,27151300.0,54.606666564941406,54.81999969482422
2022-04-27,56.400001525878906,53.209999084472656,54.79999923706055,55.59000015258789,20688500.0,55.3736686706543,55.59000015258789
2022-04-28,57.52000045776367,53.91999816894531,55.4900016784668,57.029998779296875,20633100.0,56.80806350708008,57.029998779296875
2022-04-29,57.720001220703125,54.66999816894531,57.220001220703125,55.09000015258789,19208600.0,54.875614166259766,55.09000015258789
2022-05-02,58.54999923706055,53.95000076293945,54.529998779296875,58.29999923706055,38104700.0,58.0731201171875,58.29999923706055
2022-05-03,60.4900016784668,57.75,57.779998779296875,59.2400016784668,24723400.0,59.00946807861328,59.2400016784668
2022-05-04,61.86000061035156,58.869998931884766,60.619998931884766,61.56999969482422,27975500.0,61.33039855957031,61.56999969482422
2022-05-05,64.5,60.439998626708984,63.560001373291016,62.290000915527344,42153600.0,62.0475959777832,62.290000915527344
2022-05-06,64.9800033569336,61.45000076293945,63.22999954223633,64.94000244140625,30897900.0,64.68728637695312,64.94000244140625
2022-05-09,63.2599983215332,57.09000015258789,63.11000061035156,57.84000015258789,40093500.0,57.61491394042969,57.84000015258789
2022-05-10,60.22999954223633,56.90999984741211,59.29999923706055,59.40999984741211,30590200.0,59.178802490234375,59.40999984741211
2022-05-11,63.43000030517578,58.95000076293945,59.939998626708984,60.099998474121094,36357100.0,59.86611557006836,60.099998474121094
2022-05-12,60.22999954223633,57.060001373291016,60.13999938964844,59.220001220703125,23862900.0,58.98954391479492,59.220001220703125
2022-05-13,64.47000122070312,60.75,60.77000045776367,64.08000183105469,35184900.0,63.830631256103516,64.08000183105469
2022-05-16,68.7300033569336,64.51000213623047,64.63999938964844,67.72000122070312,38650700.0,67.45645904541016,67.72000122070312
2022-05-17,69.16999816894531,67.12000274658203,68.87000274658203,67.94000244140625,28834800.0,67.67560577392578,67.94000244140625
2022-05-18,68.69999694824219,63.22999954223633,68.5,64.30000305175781,28649800.0,64.04977416992188,64.30000305175781
2022-05-19,65.7300033569336,62.83000183105469,63.029998779296875,63.959999084472656,27147600.0,63.71109390258789,63.959999084472656
2022-05-20,65.37999725341797,61.470001220703125,64.41000366210938,63.2599983215332,23803400.0,63.013816833496094,63.2599983215332
2022-05-23,65.76000213623047,62.79999923706055,63.56999969482422,65.41999816894531,24517300.0,65.16541290283203,65.41999816894531
2022-05-24,66.47000122070312,62.81999969482422,64.30000305175781,65.06999969482422,19892900.0,64.8167724609375,65.06999969482422
2022-05-25,66.63999938964844,65.04000091552734,65.5999984741211,66.38999938964844,18245000.0,66.13163757324219,66.38999938964844
2022-05-26,69.41000366210938,66.7300033569336,66.77999877929688,68.66000366210938,22548600.0,68.39281463623047,68.66000366210938
2022-05-27,71.27999877929688,67.73999786376953,68.58000183105469,70.86000061035156,20843900.0,70.58424377441406,70.86000061035156
2022-05-31,74.04000091552734,69.0,73.06999969482422,69.30999755859375,41019500.0,69.04027557373047,69.30999755859375
2022-06-01,71.08999633789062,68.18000030517578,70.62999725341797,70.41999816894531,28856900.0,70.14595031738281,70.41999816894531
2022-06-02,70.79000091552734,68.76000213623047,69.5999984741211,69.30000305175781,23447600.0,69.03031921386719,69.30000305175781
2022-06-03,71.30999755859375,69.37999725341797,69.44000244140625,70.29000091552734,23397800.0,70.01646423339844,70.29000091552734
2022-06-06,70.7300033569336,68.47000122070312,70.0999984741211,69.61000061035156,25654100.0,69.339111328125,69.61000061035156
2022-06-07,71.47000122070312,68.22000122070312,68.5999984741211,70.55000305175781,25630500.0,70.27545166015625,70.55000305175781
2022-06-08,70.98999786376953,68.36000061035156,70.58000183105469,69.02999877929688,29262700.0,68.76136779785156,69.02999877929688
2022-06-09,68.83999633789062,65.1500015258789,68.0,65.18000030517578,25112700.0,65.0488510131836,65.18000030517578
2022-06-10,66.12000274658203,62.900001525878906,64.81999969482422,63.869998931884766,27407900.0,63.74148941040039,63.869998931884766
2022-06-13,61.79999923706055,58.439998626708984,61.369998931884766,59.83000183105469,34448400.0,59.709617614746094,59.83000183105469
2022-06-14,64.12000274658203,60.900001525878906,61.779998779296875,62.09000015258789,31328400.0,61.96506881713867,62.09000015258789
2022-06-15,61.97999954223633,59.2400016784668,61.16999816894531,60.279998779296875,29608900.0,60.15871047973633,60.279998779296875
2022-06-16,59.56999969482422,55.88999938964844,58.77000045776367,56.810001373291016,40604300.0,56.69569396972656,56.810001373291016
2022-06-17,57.189998626708984,54.349998474121094,56.45000076293945,55.68000030517578,51530800.0,55.56796646118164,55.68000030517578
2022-06-21,58.7400016784668,56.439998626708984,57.90999984741211,57.869998931884766,31096600.0,57.75355911254883,57.869998931884766
2022-06-22,56.970001220703125,54.29999923706055,55.02000045776367,55.77000045776367,37726100.0,55.65778732299805,55.77000045776367
2022-06-23,58.290000915527344,54.93000030517578,58.16999816894531,56.09000015258789,36861500.0,55.977142333984375,56.09000015258789
2022-06-24,59.93000030517578,56.79999923706055,57.81999969482422,57.52000045776367,45335600.0,57.404266357421875,57.52000045776367
2022-06-27,60.150001525878906,58.15999984741211,58.209999084472656,58.900001525878906,26793500.0,58.781490325927734,58.900001525878906
2022-06-28,62.970001220703125,60.15999984741211,60.970001220703125,61.709999084472656,39095200.0,61.58583450317383,61.709999084472656
2022-06-29,62.779998779296875,58.459999084472656,62.119998931884766,59.099998474121094,31710700.0,58.98108673095703,59.099998474121094
2022-06-30,59.810001373291016,57.47999954223633,57.95000076293945,58.880001068115234,27244400.0,58.761531829833984,58.880001068115234
2022-07-01,60.66999816894531,57.08000183105469,59.40999984741211,60.439998626708984,28036800.0,60.318389892578125,60.439998626708984
2022-07-05,59.54999923706055,56.720001220703125,59.060001373291016,59.11000061035156,39977000.0,58.991065979003906,59.11000061035156
2022-07-06,60.040000915527344,56.689998626708984,58.58000183105469,59.11000061035156,30682700.0,58.991065979003906,59.11000061035156
2022-07-07,62.13999938964844,60.849998474121094,60.849998474121094,61.470001220703125,25249700.0,61.346317291259766,61.470001220703125
2022-07-08,63.22999954223633,60.45000076293945,63.18000030517578,60.66999816894531,25463700.0,60.54792404174805,60.66999816894531
2022-07-11,59.9900016784668,58.68000030517578,59.58000183105469,59.52000045776367,17894700.0,59.40024185180664,59.52000045776367
2022-07-12,58.04999923706055,55.93000030517578,57.41999816894531,57.369998931884766,25927800.0,57.25456619262695,57.369998931884766
2022-07-13,59.209999084472656,56.77000045776367,56.880001068115234,58.0099983215332,19295500.0,57.89327621459961,58.0099983215332
2022-07-14,57.720001220703125,55.90999984741211,56.61000061035156,57.22999954223633,24478800.0,57.11484909057617,57.22999954223633
2022-07-15,58.779998779296875,57.099998474121094,58.04999923706055,58.709999084472656,18944500.0,58.59186935424805,58.709999084472656
2022-07-18,61.849998474121094,59.58000183105469,60.04999923706055,60.04999923706055,20112500.0,59.92917251586914,60.04999923706055
2022-07-19,62.91999816894531,59.959999084472656,60.119998931884766,62.81999969482422,21616400.0,62.693599700927734,62.81999969482422
2022-07-20,63.77000045776367,61.20000076293945,61.29999923706055,63.54999923706055,17643100.0,63.4221305847168,63.54999923706055
2022-07-21,62.06999969482422,60.220001220703125,61.70000076293945,62.0,16640500.0,61.87525177001953,62.0
2022-07-22,63.0,60.40999984741211,62.0,61.060001373291016,14198400.0,60.9371452331543,61.060001373291016
2022-07-25,64.45999908447266,61.099998474121094,61.84000015258789,64.41000366210938,19564400.0,64.28040313720703,64.41000366210938
2022-07-26,66.05000305175781,61.779998779296875,65.79000091552734,62.06999969482422,20190800.0,61.94511032104492,62.06999969482422
2022-07-27,63.0,61.52000045776367,62.630001068115234,62.779998779296875,16625100.0,62.65367889404297,62.779998779296875
2022-07-28,64.5999984741211,61.599998474121094,63.310001373291016,62.63999938964844,14559400.0,62.51396179199219,62.63999938964844
2022-07-29,65.9000015258789,63.900001525878906,64.0,65.75,19570700.0,65.61770629882812,65.75
2022-08-01,65.73999786376953,63.56999969482422,65.16999816894531,65.2300033569336,16725700.0,65.0987548828125,65.2300033569336
2022-08-02,65.80999755859375,63.95000076293945,65.30999755859375,65.05999755859375,16296800.0,64.92909240722656,65.05999755859375
2022-08-03,65.0,60.5099983215332,64.66999816894531,60.9900016784668,32476600.0,60.867286682128906,60.9900016784668
2022-08-04,60.70000076293945,57.2599983215332,60.0099983215332,57.459999084472656,37999100.0,57.34438705444336,57.459999084472656
2022-08-05,59.70000076293945,56.83000183105469,56.91999816894531,59.0099983215332,20987500.0,58.891265869140625,59.0099983215332
2022-08-08,60.599998474121094,58.34000015258789,58.34000015258789,60.040000915527344,18132800.0,59.91919708251953,60.040000915527344
2022-08-09,63.52000045776367,61.40999984741211,61.65999984741211,62.40999984741211,22286800.0,62.284427642822266,62.40999984741211
2022-08-10,63.38999938964844,61.310001373291016,61.97999954223633,62.86000061035156,14200100.0,62.7335205078125,62.86000061035156
2022-08-11,66.16000366210938,64.16000366210938,64.19999694824219,65.69000244140625,21762300.0,65.55783081054688,65.69000244140625
2022-08-12,66.06999969482422,64.79000091552734,65.05000305175781,65.7300033569336,11746100.0,65.59774780273438,65.7300033569336
2022-08-15,65.20999908447266,62.459999084472656,63.40999984741211,64.33999633789062,16684700.0,64.21054077148438,64.33999633789062
2022-08-16,65.69000244140625,63.029998779296875,64.77999877929688,63.5099983215332,16662200.0,63.38220977783203,63.5099983215332
2022-08-17,64.80999755859375,62.790000915527344,63.43000030517578,62.970001220703125,14889800.0,62.843299865722656,62.970001220703125
2022-08-18,65.27999877929688,63.56999969482422,63.599998474121094,64.87999725341797,16818000.0,64.74945068359375,64.87999725341797
2022-08-19,72.48999786376953,63.84000015258789,64.12000274658203,71.29000091552734,79948100.0,71.14656066894531,71.29000091552734
2022-08-22,70.37999725341797,67.2699966430664,68.5999984741211,69.02999877929688,47928800.0,68.89110565185547,69.02999877929688
2022-08-23,74.83999633789062,70.47000122070312,70.7699966430664,73.79000091552734,59618700.0,73.64153289794922,73.79000091552734
2022-08-24,75.69000244140625,73.08000183105469,74.1500015258789,74.91000366210938,39632300.0,74.75927734375,74.91000366210938
2022-08-25,76.0999984741211,73.52999877929688,75.5,74.4800033569336,22784600.0,74.33014678955078,74.4800033569336
2022-08-26,75.36000061035156,73.12000274658203,74.38999938964844,73.55000305175781,20581100.0,73.40201568603516,73.55000305175781
2022-08-29,77.12999725341797,72.81999969482422,73.19999694824219,75.26000213623047,29995000.0,75.10857391357422,75.26000213623047
2022-08-30,73.86000061035156,71.18000030517578,73.5,72.01000213623047,26152900.0,71.8651123046875,72.01000213623047
2022-08-31,72.4000015258789,69.55000305175781,70.33999633789062,71.0,21579100.0,70.85713958740234,71.0
2022-09-01,69.93000030517578,67.83999633789062,69.23999786376953,68.4000015258789,21504300.0,68.26237487792969,68.4000015258789
2022-09-02,70.9000015258789,68.2699966430664,70.61000061035156,68.7699966430664,22776600.0,68.63162994384766,68.7699966430664
2022-09-06,69.51000213623047,66.58000183105469,68.98999786376953,66.87999725341797,21676400.0,66.74542999267578,66.87999725341797
2022-09-07,66.01000213623047,64.4000015258789,65.30000305175781,65.43000030517578,22488400.0,65.29834747314453,65.43000030517578
2022-09-08,66.19999694824219,64.02999877929688,66.0,64.61000061035156,22052700.0,64.4800033569336,64.61000061035156
2022-09-09,65.87999725341797,64.29000091552734,65.55000305175781,65.61000061035156,21708300.0,65.61000061035156,65.61000061035156
2022-09-12,67.80999755859375,65.68000030517578,67.0,66.80000305175781,26349100.0,66.80000305175781,66.80000305175781
2022-09-13,66.77999877929688,64.5199966430664,65.62999725341797,65.33999633789062,25446400.0,65.33999633789062,65.33999633789062
2022-09-14,67.79000091552734,65.76000213623047,66.22000122070312,67.19999694824219,28407000.0,67.19999694824219,67.19999694824219
2022-09-15,66.13999938964844,65.01000213623047,65.80000305175781,65.08999633789062,24382100.0,65.08999633789062,65.08999633789062
2022-09-16,65.04000091552734,63.0099983215332,65.0,64.41000366210938,57437700.0,64.41000366210938,64.41000366210938
2022-09-19,64.94000244140625,62.43000030517578,62.599998474121094,64.68000030517578,19677400.0,64.68000030517578,64.68000030517578
2022-09-20,64.81999969482422,63.25,64.0999984741211,64.27999877929688,20264200.0,64.27999877929688,64.27999877929688
2022-09-21,65.95999908447266,62.31999969482422,65.62999725341797,62.68000030517578,18597200.0,62.68000030517578,62.68000030517578
2022-09-22,64.2699966430664,61.75,63.189998626708984,61.880001068115234,20343200.0,61.880001068115234,61.880001068115234
2022-09-23,60.06999969482422,58.040000915527344,59.689998626708984,58.72999954223633,29630100.0,58.72999954223633,58.72999954223633
2022-09-26,59.22999954223633,57.43000030517578,58.310001373291016,57.880001068115234,25390700.0,57.880001068115234,57.880001068115234
2022-09-27,59.470001220703125,57.66999816894531,58.880001068115234,58.529998779296875,28187500.0,58.529998779296875,58.529998779296875
2022-09-28,61.599998474121094,58.630001068115234,58.959999084472656,61.40999984741211,22343900.0,61.40999984741211,61.40999984741211
2022-09-29,63.119998931884766,60.54999923706055,61.220001220703125,62.11000061035156,30091400.0,62.11000061035156,62.11000061035156
2022-09-30,62.220001220703125,60.40999984741211,60.79999923706055,61.45000076293945,19442400.0,61.45000076293945,61.45000076293945
2022-10-03,65.02999877929688,63.400001525878906,63.720001220703125,64.05999755859375,25451400.0,64.05999755859375,64.05999755859375
2022-10-04,67.13999938964844,64.7300033569336,65.16000366210938,66.16999816894531,25152300.0,66.16999816894531,66.16999816894531
2022-10-05,68.16000366210938,65.63999938964844,66.06999969482422,67.73999786376953,25491400.0,67.73999786376953,67.73999786376953
2022-10-06,70.83000183105469,67.51000213623047,67.5999984741211,70.5,23475300.0,70.5,70.5
2022-10-07,72.04000091552734,69.05999755859375,70.86000061035156,69.80000305175781,29053400.0,69.80000305175781,69.80000305175781
2022-10-10,70.27999877929688,65.58999633789062,69.0999984741211,65.62999725341797,24069200.0,65.62999725341797,65.62999725341797
2022-10-11,65.44999694824219,62.72999954223633,64.16000366210938,64.02999877929688,22465500.0,64.02999877929688,64.02999877929688
2022-10-12,65.86000061035156,62.77000045776367,63.65999984741211,65.11000061035156,17647100.0,65.11000061035156,65.11000061035156
2022-10-13,68.48999786376953,63.65999984741211,63.65999984741211,68.0,22618700.0,68.0,68.0
2022-10-14,69.05999755859375,66.18000030517578,67.4000015258789,66.68000030517578,17836000.0,66.68000030517578,66.68000030517578
2022-10-17,69.4000015258789,67.2699966430664,68.08000183105469,67.36000061035156,14839400.0,67.36000061035156,67.36000061035156
2022-10-18,68.26000213623047,65.86000061035156,67.75,67.77999877929688,15683800.0,67.77999877929688,67.77999877929688
2022-10-19,68.9800033569336,67.43000030517578,67.5999984741211,68.45999908447266,17116000.0,68.45999908447266,68.45999908447266
2022-10-20,70.4800033569336,68.27999877929688,69.44999694824219,68.8499984741211,15403000.0,68.8499984741211,68.8499984741211
2022-10-21,71.66000366210938,69.16000366210938,69.83000183105469,71.26000213623047,16690500.0,71.26000213623047,71.26000213623047
2022-10-24,72.13999938964844,70.30000305175781,70.80999755859375,70.83000183105469,12902800.0,70.83000183105469,70.83000183105469
2022-10-25,71.56999969482422,70.20999908447266,70.81999969482422,71.08999633789062,12413500.0,71.08999633789062,71.08999633789062
2022-10-26,73.29000091552734,71.5,71.5999984741211,72.5199966430664,12722000.0,72.5199966430664,72.5199966430664
2022-10-27,74.16999816894531,71.76000213623047,73.58999633789062,71.87000274658203,12754100.0,71.87000274658203,71.87000274658203
2022-10-28,73.27999877929688,69.8499984741211,72.48999786376953,71.83999633789062,13814400.0,71.83999633789062,71.83999633789062
2022-10-31,74.12999725341797,71.0999984741211,71.19999694824219,72.5999984741211,13646400.0,72.5999984741211,72.5999984741211
2022-11-01,74.48999786376953,73.16000366210938,74.0199966430664,73.80000305175781,12997500.0,73.80000305175781,73.80000305175781
